 ,,,,,,,,,,,,,,,,,,
,ESPACE AUTO 92,,,,,,,BL NR :,BL/200525/307,,,,,,,,,
,"426 Av. de la République, 
92000 Nanterre, France",,,,,,,DATE :,2025-05-20 00:00:00,,,,,,,,,
,Téléphone : +33 1 47 85 10 00,,,,,,,,,,,,,,,,,
,Email :,,,,,,,,,,,,,,,,,
,,,,,,,,,,,,,,,,,,
,,,,,,,,,,,,,,,,,,
,BON DE LIVRAISON,,,,,,,,,,,,,,,,,
,,,,,,,,,,,,,,,,,,
,,,,,,,,,,,,,,,,,,
,      ## POUR,,,,,,,,,,,,,,,,,
,CLIENT :,,,AUTO MICHA,,,,,,,,,,,,,,
,N° DE TÉLEPHONE :,,,,,,,,,,,,,,,,,
,DATE :,,,2025-05-20 00:00:00,,,,,,,,,,,,,,
,PLAQUE DE MATRICULATION :,,,,,,,,,,,,,,,,,
,MODÈLE VÉHICULE :,,,MERCEDES,,,,,,,,,,,,,,
,,,,,,,,,,,,,,,,,,
,NR,VENDEUR,REF DEMANDE,REF ARTICLE,QUANTITE,FOURNISSEUR,DESIGNATION ARTICLE,,,,STATUT PAIEMENT,OBSERVATION,,,,,,
,1.0,MHAMED,DMND/2005/4866,VKMA38010,1.0,ACR,KIT ACCESSOIRE,,,,,,,,,,,
,,,,,,,,,,,,,,,,,,
,,,,,,,,,,,,,,,,,,
,,,,,,,,,,,,,,,,,,
,,,,,,,,,,,,,,,,,,
,,,,,,,,,,,,,,,,,,
,,,,,,,,,,,,,,,,,,
,,,,,,,,,,,,,,,,,,
,,,,,,,,,,,,,,,,,,
,,,,,,,,,,,,,,,,,,
,,,,,,,,,,,,,,,,,,
,,,,,,,,,,,,,,,,,,
,,,,,,,,,,,,,,,,,,
,,,,,,,,,,,,,,,,,,
,,,,,,,,,,,,,,,,,,
,,,,,,,,,,,,,,,,,,
,,,,,,,,,,,,,,,,,,
,,,,,,,,,,,,,,,,,,
,,,,,,,,,,,,,,,,,,
,,,,,,,,,,,,,,,,,,
,,,,,,,,,,,,,,,,,,
,,,,,,,,,,,,,,,,,,
,,,,,,,,,Cachet et Signature,,,,,,,,,
,,,,,,,,,,,,,,,,,,
