,,,,,,,,,,,,,,,,,,
,RECEPTION DES COMMANDES,,,,,,,243 Commandes en instance,,,Le taux actuel du retour est 2 %,,,,,,,
,,,,,,,,,,,,,,,,,,
,DATE DE LIVRAISON,REF DEMANDE,VENDEUR,FOURNISSEUR,NOM DU PRODUIT / PIÈCE,RÉF,QTÉ,TYPE DE COMMANDE,STATUT COMMANDE,MOTIF RETOUR,"ENVOYE SUR FEUILLE
RETOUR",DATE RETOUR,ENVOYE SUR FEUILLE AVOIR,DATE AVOIR,SMS,"SMS
ARRIVÉ DE LA PIÈCE AU MAGASIN",COMMANDE CLOTUREE,"SMS RAPPEL
+ 7 JOURS (AUTOMATIQUE)"
,,,,,,,,,,,,,,,,,,
,,,,,,,,,,,,,,,,,,
,,,,,,,,,,,,,,,,,,
,,,,,,,,,,,,,,,,,,
,,,,,,,,,,,,,,,,,,
,,,,,,,,,,,,,,,,,,
,,,,,,,,,,,,,,,,,,
,,,,,,,,,,,,,,,,,,
,,,,,,,,,,,,,,,,,,
,,,,,,,,,,,,,,,,,,
,,,,,,,,,,,,,,,,,,
,,,,,,,,,,,,,,,,,,
,2025-07-02 00:00:00,DMND/0207/3656,MHAMED,ACR,DEMARREUR,3102 = SBO1217,1.0,RETOUR AU STOCK,RECU,,False,,False,,False,,True,
,2025-07-04 00:00:00,DMND/0207/6616,MHAMED,AP,SUPPORT MOTEUR,2700052 = 40-0368,1.0,RETOUR AU STOCK,RECU,,False,,False,,False,,True,
,2025-07-04 00:00:00,DMND/0207/5299,MHAMED,AP,POMPE A EAU,WP2604 = MGC-6971,1.0,RETOUR AU STOCK,RECU,,False,,False,,False,,True,
,2025-07-02 00:00:00,DMND/0207/7130,MHAMED,OTTOGO,POMPE A EAU,WP2591 = PA983,1.0,RETOUR AU STOCK,RECU,,False,,False,,False,,True,
,2025-07-04 00:00:00,DMND/0207/1906,MHAMED,AP,COURROIE,6PK1212,1.0,RETOUR AU STOCK,RECU,,False,,False,,False,,True,
,2025-07-04 00:00:00,DMND/0207/2971,MHAMED,AP,COURROIE,6PK1090SF,1.0,RETOUR AU STOCK,RECU,,False,,False,,False,,True,
,2025-07-02 00:00:00,DMND/0207/2437,MHAMED,OTTOGO,PLAQUE 92,SIIPLEX92,1.0,RETOUR AU STOCK,RECU,,False,,False,,False,,True,
,2025-07-04 00:00:00,DMND/0207/2971,MHAMED,AP,COURROIE,6PK1090SF,1.0,RETOUR AU STOCK,RECU,,False,,False,,False,,True,
,2025-07-02 00:00:00,DMND/0207/2437,MHAMED,OTTOGO,PLAQUE 92,SIIPLEX92,1.0,RETOUR AU STOCK,RECU,,False,,False,,False,,True,
,2025-07-04 00:00:00,DMND/0207/2971,MHAMED,AP,COURROIE,6PK1090SF,1.0,RETOUR AU STOCK,RECU,,False,,False,,False,,True,
,2025-07-02 00:00:00,DMND/0207/2437,MHAMED,OTTOGO,PLAQUE 92,SIIPLEX92,1.0,RETOUR AU STOCK,RECU,,False,,False,,False,,True,
,2025-07-04 00:00:00,DMND/0207/2971,MHAMED,AP,COURROIE,6PK1090SF,1.0,RETOUR AU STOCK,RECU,,False,,False,,False,,True,
,2025-07-02 00:00:00,DMND/0207/2437,MHAMED,OTTOGO,PLAQUE 92,SIIPLEX92,1.0,RETOUR AU STOCK,RECU,,False,,False,,False,,True,
,2025-07-02 00:00:00,DMND/0207/3206,MHAMED,AP,COMPRESSEUR,AC330707,1.0,DEMANDE CLIENT,RECU,,False,,False,,False,,True,
,2025-07-02 00:00:00,DMND/0207/3879,MHAMED,AFP,KIT MACHOIRE,KP1110,1.0,DEMANDE CLIENT,RECU,Erreur magasin,False,,False,,False,,True,
,2025-07-02 00:00:00,DMND/0207/4897,MHAMED,ACR,CAPTEUR RAMPE,1473501.0,1.0,RETOUR AU STOCK,RECU,,False,,False,,False,,True,
,2025-07-02 00:00:00,DMND/0207/5718,SAMY,ACR,FILTRE A AIR,FL9087,1.0,DEMANDE CLIENT,RECU,,False,,False,,False,,True,
,2025-07-02 00:00:00,DMND/0207/9657,SAMY,OTTOGO,FILTRE HABIATCLE,HB101,1.0,DEMANDE CLIENT,RECU,,False,,False,,False,,True,
,2025-07-02 00:00:00,DMND/0207/3161,MHAMED,AP,POMPE A EAU,30-132200026,1.0,DEMANDE / GARAGE DE COLOMBES,LIVRE,,False,,False,,False,,True,
,2025-07-04 00:00:00,DMND/0207/7467,ABDELLAH,AP,FILTRE HABITACLE,ELR7275 - M110927,1.0,RETOUR AU STOCK,RECU,,False,,False,,False,,True,
,2025-07-02 00:00:00,DMND/0207/3633,SAMY,ACR,COURROIE,6PK1090SF,1.0,RETOUR AU STOCK,RECU,,False,,False,,False,,True,
,2025-07-02 00:00:00,DMND/0207/4382,MHAMED,ACR,CAPTEUR PMH,15036F,1.0,DEMANDE / AUTO CONFIANCE,RECU,,False,,False,,False,,True,
,2025-07-02 00:00:00,DMND/0207/8298,MHAMED,OTTOGO,FIAT,C1371,1.0,RETOUR AU STOCK,RECU,,False,,False,,False,,True,
,2025-07-02 00:00:00,DMND/0207/6805,MHAMED,OTTOGO,CARDAN,C1361,1.0,DEMANDE / PARIS,RECU,,False,,False,,False,,True,
,2025-07-04 00:00:00,DMND/0207/7177,MHAMED,AP,SUPPORT MOTEUR,40-0257 = 4001726,1.0,RETOUR AU STOCK,RECU,,False,,False,,False,,True,
,2025-07-02 00:00:00,DMND/0207/9971,SAMY,OTTOGO,ROTULE DE DIRECTION,TA1941 = 14520AP  ,1.0,RETOUR AU STOCK,RECU,,False,,False,,False,,True,
,2025-07-02 00:00:00,DMND/0207/8890,SAMY,OTTOGO,ROTULE DE DIRECTION,TA1942 = 145221AP,1.0,RETOUR AU STOCK,RECU,,False,,False,,False,,True,
,2025-07-02 00:00:00,DMND/0207/9971,SAMY,OTTOGO,ROTULE DE DIRECTION,TA1941 = 14520AP  ,1.0,RETOUR AU STOCK,RECU,,False,,False,,False,,True,
,2025-07-02 00:00:00,DMND/0207/8890,SAMY,OTTOGO,ROTULE DE DIRECTION,TA1942 = 145221AP,1.0,RETOUR AU STOCK,RECU,,False,,False,,False,,True,
,2025-07-02 00:00:00,DMND/0207/1157,MHAMED,MAPCO,RECEPTEUR,75075.0,1.0,DEMANDE CLIENT,RECU,,False,,False,,False,,True,
,2025-07-02 00:00:00,DMND/0207/5802,SAMY,ACR,CABLE EMBRAYAGE,200551.0,1.0,DEMANDE CLIENT,RECU,,False,,False,,False,,True,
,2025-07-02 00:00:00,DMND/0207/3972,ABDELLAH,ACR,DURITE EAU ,T403195,1.0,DEMANDE CLIENT,RECU,,False,,False,,False,,True,
,2025-07-02 00:00:00,DMND/0207/3738,ABDELLAH,OTTOGO,KIT JOINT,387.56,1.0,DEMANDE CLIENT,RECU,,False,,False,,False,,True,
,2025-07-02 00:00:00,DMND/0207/9090,MHAMED,AP,BOITIER EAU,67-0086 = 1336Q2,1.0,DEMANDE CLIENT,RECU,,False,,False,,False,,True,
,2025-07-02 00:00:00,DMND/0207/1996,ABDELLAH,ACR,JOINT DE CULASSE ,AD5180,1.0,DEMANDE / GARAGE DE COLOMBES,LIVRE,,False,,False,,False,,True,
,2025-07-02 00:00:00,DMND/0207/7379,ABDELLAH,CAL,JEU VIS DE CULASSE,016246B,1.0,DEMANDE / GARAGE DE COLOMBES,LIVRE,,False,,False,,False,,True,
,2025-07-02 00:00:00,DMND/0207/8012,ABDELLAH,CAL,THERMOSTAT,T403611,1.0,DEMANDE / GARAGE DE COLOMBES,LIVRE,,False,,False,,False,,True,
,2025-07-02 00:00:00,DMND/0207/4468,SAMY,OTTOGO,SONDE LAMBDA AMONT,10.7597,1.0,DEMANDE CLIENT,RECU,,False,,False,,False,,True,
,2025-07-02 00:00:00,DMND/0207/2815,MHAMED,ACR,AMMORTISSEUR ARR,G1240,1.0,DEMANDE CLIENT,RECU,,False,,False,,False,,True,
,2025-07-02 00:00:00,DMND/0207/7893,MHAMED,ACR,COURROIE ALT,6PK1153,1.0,RETOUR AU STOCK,RECU,,False,,False,,False,,True,
,2025-07-02 00:00:00,DMND/0207/4442,MHAMED,ACR,COURROIE ALT,6PK1148,1.0,RETOUR AU STOCK,RECU,,False,,False,,False,,True,
,2025-07-02 00:00:00,DMND/0207/7893,MHAMED,ACR,COURROIE ALT,6PK1153,1.0,RETOUR AU STOCK,RECU,,False,,False,,False,,True,
,2025-07-02 00:00:00,DMND/0207/4442,MHAMED,ACR,COURROIE ALT,6PK1148,1.0,RETOUR AU STOCK,RECU,,False,,False,,False,,True,
,2025-07-02 00:00:00,DMND/0207/7250,SAMY,OTTOGO,KIT EMBRAYAGE,826211 =  620 3084 00 ,1.0,RETOUR AU STOCK,RECU,,False,,False,,False,,True,
,2025-07-04 00:00:00,DMND/0207/1036,MHAMED,AP,DISQUES ARR,BG4661C = 19-4649,1.0,RETOUR AU STOCK,RECU,,False,,False,,False,,True,
,2025-07-02 00:00:00,DMND/0207/7250,SAMY,OTTOGO,KIT EMBRAYAGE,826211 =  620 3084 00 ,1.0,RETOUR AU STOCK,RECU,,False,,False,,False,,True,
,2025-07-04 00:00:00,DMND/0207/1036,MHAMED,AP,DISQUES ARR,BG4661C = 19-4649,1.0,RETOUR AU STOCK,RECU,,False,,False,,False,,True,
,2025-07-02 00:00:00,DMND/0207/3775,MHAMED,DROP,MOYEU DE ROUE,31008.0,2.0,DEMANDE / GARAGE DE COLOMBES,LIVRE,,False,,False,,False,,True,
,2025-07-02 00:00:00,DMND/0207/2259,MHAMED,OTTOGO,CONTACTEUR DE STOP,FACET  -  FAC7.1222 ,1.0,DEMANDE CLIENT,RECU,,False,,False,,False,,True,
,2025-07-02 00:00:00,DMND/0207/8356,MHAMED,ACR,CONDENSEUR,CNA5263D,1.0,DEMANDE CLIENT,RECU,,False,,False,,False,,True,
,2025-07-02 00:00:00,DMND/0207/8865,ABDELLAH,OTTOGO,CONDENSEUR,RTA5444,1.0,DEMANDE CLIENT,RECU,,False,,False,,False,,True,
,2025-07-03 00:00:00,DMND/0307/5073,ABDELLAH,AP,COUVERCLE BOITIER FILTRE A HUILE,27-2210,1.0,DEMANDE CLIENT,RECU,,False,,False,,False,,True,
,2025-07-03 00:00:00,DMND/0307/6917,ABDELLAH,CAL,"AGRAFE
PANNEAUX  PORTE",9931.0,1.0,DEMANDE CLIENT,RECU,,False,,False,,False,,True,
,2025-07-03 00:00:00,DMND/0307/6920,AYOUB,AP,ROTULE SUSPENSION G,825036210.0,1.0,DEMANDE CLIENT,RECU,,False,,False,,False,,True,
,2025-07-03 00:00:00,DMND/0307/7193,AYOUB,AP,ROTULE SUSPENSION DR,825036110.0,1.0,DEMANDE CLIENT,RECU,,False,,False,,False,,True,
,2025-07-03 00:00:00,DMND/0307/1232,AYOUB,AP,AMORTISSEUR AV ,334834.0,2.0,DEMANDE CLIENT,RECU,,False,,False,,False,,True,
,2025-07-03 00:00:00,DMND/0307/6020,AYOUB,AP,COUPELLE,22500.0,2.0,DEMANDE CLIENT,RECU,,False,,False,,False,,True,
,2025-07-03 00:00:00,DMND/0307/3196,SAMY,MAPCO,EMETTEUR,41414.0,1.0,DEMANDE CLIENT,RECU,,False,,False,,False,,True,
,2025-07-03 00:00:00,DMND/0307/5981,AYOUB,DCA,COMMENDE SOUS VOLANT,80920.0,1.0,DEMANDE CLIENT,RECU,,False,,False,,False,,True,
,2025-07-03 00:00:00,DMND/0307/5003,SAMY,ACR,JOINT SPIE VOLANT MOTEUR,NA5298,1.0,DEMANDE CLIENT,RECU,,False,,False,,False,,True,
,2025-07-03 00:00:00,DMND/0307/6125,SAMY,ACR,BOITIER THERMOSTAT,TH48183G1,1.0,DEMANDE CLIENT,RECU,,False,,False,,False,,True,
,2025-07-03 00:00:00,DMND/0307/3445,SAMY,AP,DURITE,6466VE,1.0,DEMANDE CLIENT,LIVRE,,False,,False,,False,,True,
,2025-07-03 00:00:00,DMND/0307/2341,SAMY,AP,SUPPORT MOTEUR,20073J,1.0,DEMANDE CLIENT,LIVRE,,False,,False,,False,,True,
,2025-07-03 00:00:00,DMND/0307/4802,ABDELLAH,AFP,VANNE EGR ,EG10578-12B1,1.0,DEMANDE CLIENT,RECU,,False,,False,,False,,True,
,2025-07-03 00:00:00,DMND/0307/8849,SAMY,OTTOGO,RADIATEUR HUILE,CN3307,1.0,DEMANDE CLIENT,RECU,,False,,False,,False,,True,
,2025-07-03 00:00:00,DMND/0307/2672,SAMY,OTTOGO,TRIANGLE,20020AP,1.0,DEMANDE CLIENT,RECU,,False,,False,,False,,True,
,2025-07-03 00:00:00,DMND/0307/7218,ABDELLAH,OTTOGO,JEU DE DISQUES AV,BD7041,1.0,DEMANDE / GARAGE DE COLOMBES,RECU,,False,,False,,False,,True,
,2025-07-03 00:00:00,DMND/0307/4863,ABDELLAH,OTTOGO,PLAQUETTE AV ,"PF0069
LP2069",1.0,DEMANDE / GARAGE DE COLOMBES,RECU,,False,,False,,False,,True,
,2025-07-03 00:00:00,DMND/0307/8966,AYOUB,OTTOGO,PLAQUETTE AR,LP3437,1.0,DEMANDE CLIENT,RECU,,False,,False,,False,,True,
,2025-07-03 00:00:00,DMND/0307/7885,MHAMED,ACR,DEMARREUR,LRS02474,1.0,DEMANDE / FLIX AUTO,RECU,,False,,False,,False,,True,
,2025-07-03 00:00:00,DMND/0307/4644,MHAMED,CAL,COMPRESSEUR ,870.0,1.0,DEMANDE CLIENT,RECU,,False,,False,,False,,True,
,2025-07-03 00:00:00,DMND/0307/5902,MHAMED,OTTOGO,GAZ134A,134A,1.0,DEMANDE CLIENT,RECU,,False,,False,,False,,True,
,2025-07-03 00:00:00,DMND/0307/8078,MHAMED,ACR,COUPELLE AMMORTISSEUR,VKDA 35330 ,2.0,DEMANDE CLIENT,RECU,,False,,False,,False,,True,
,2025-07-03 00:00:00,DMND/0307/4124,MHAMED,CAL,KIT EMBRAYAGE,602000200.0,1.0,DEMANDE CLIENT,RECU,,False,,False,,False,Thu 03/07/25 à 16:23,True,
,2025-07-03 00:00:00,DMND/0307/2807,MHAMED,OTTOGO,KIT EMBRAYAGE,623304300 = 826033,1.0,RETOUR AU STOCK,RECU,,False,,False,,False,,True,
,2025-07-03 00:00:00,DMND/0307/3528,SAMY,OTTOGO,TRIANGLE,20020AP,1.0,RETOUR AU STOCK,RECU,,False,,False,,False,,True,
,2025-07-03 00:00:00,DMND/0307/3361,SAMY,OTTOGO,TRIANGLE,20021AP,1.0,RETOUR AU STOCK,RECU,,False,,False,,False,,True,
,2025-07-03 00:00:00,DMND/0307/3528,SAMY,OTTOGO,TRIANGLE,20020AP,1.0,RETOUR AU STOCK,RECU,,False,,False,,False,,True,
,2025-07-03 00:00:00,DMND/0307/3361,SAMY,OTTOGO,TRIANGLE,20021AP,1.0,RETOUR AU STOCK,RECU,,False,,False,,False,,True,
,2025-07-03 00:00:00,DMND/0307/3704,MHAMED,AP,FILTRE A AIR,ELP9045 = AF-8038,6.0,DEMANDE CLIENT,RECU,,False,,False,,False,,True,
,2025-07-03 00:00:00,DMND/0307/3406,MHAMED,AP,FILTRE GASOIL,PF-1406 = ELG5406,6.0,DEMANDE CLIENT,RECU,,False,,False,,False,,True,
,2025-07-03 00:00:00,DMND/0307/9637,ABDELLAH,OTTOGO,VANNE EGR,"7,24809,16,0",1.0,DEMANDE CLIENT,RECU,,False,,False,,False,,True,
,2025-07-03 00:00:00,DMND/0307/1180,SAMY,CAL,RECEPTEUR,874899.0,1.0,DEMANDE CLIENT,RECU,,False,,False,,False,,True,
,2025-07-03 00:00:00,DMND/0307/1151,MHAMED,SAFA / LAD,ESSUIE GLACE,V55/V48,1.0,DEMANDE CLIENT,RECU,,False,,False,,False,,True,
,2025-07-03 00:00:00,DMND/0307/8430,MHAMED,SAFA / LAD,FILTRE A AIR,ELP9316,1.0,DEMANDE CLIENT,RECU,,False,,False,,False,,True,
,2025-07-03 00:00:00,DMND/0307/9918,ABDELLAH,CAL,SONDE TEMPERATURE D EAU ,33792F,1.0,DEMANDE CLIENT,RECU,,False,,False,,False,,True,
,2025-07-03 00:00:00,DMND/0307/9990,MHAMED,SAFA / LAD,FILTRE A HUILE,ELH4404,1.0,DEMANDE CLIENT,RECU,,False,,False,,False,,True,
,2025-07-05 00:00:00,DMND/0307/5460,MHAMED,AP,COUPELLE,SM0073,2.0,RETOUR AU STOCK,RECU,,False,,False,,False,,True,
,2025-07-03 00:00:00,DMND/0307/3981,ABDELLAH,AFP,CABLE EMBRAYAGE,4680.0,1.0,RETOUR AU STOCK,RECU,,False,,False,,False,,True,
,2025-07-03 00:00:00,DMND/0307/8118,SAMY,OTTOGO,SUPPORT MOTEUR,2700021 = SPM012,1.0,RETOUR AU STOCK,RECU,,False,,False,,False,,True,
,2025-07-03 00:00:00,DMND/0307/5208,SAMY,MAPCO,SUPPORT MOTEUR,KS2700043,1.0,RETOUR AU STOCK,RECU,,False,,False,,False,,True,
,2025-07-03 00:00:00,DMND/0307/8901,MHAMED,ACR,FILTRE  AIR,EL9250 = FL9154 ,1.0,RETOUR AU STOCK,RECU,,False,,False,,False,,True,
,2025-07-03 00:00:00,DMND/0307/8901,MHAMED,ACR,FILTRE  AIR,EL9250 = FL9154 ,1.0,RETOUR AU STOCK,RECU,,False,,False,,False,,True,
,2025-07-03 00:00:00,DMND/0307/9620,SAMY,DROP,BATTERIE 70 AH EFB,,10.0,RETOUR AU STOCK,RECU,,False,,False,,False,,True,
,2025-07-03 00:00:00,DMND/0307/1041,MHAMED,MAPCO,BRAS DE SUSPENSION ,211821 / 211820,2.0,DEMANDE / GARAGE DE COLOMBES,RECU,,False,,False,,False,,True,
,2025-07-03 00:00:00,DMND/0307/9986,MHAMED,AP,SILENT BLOC BARRE STABILISATRICE ,10044.3,2.0,DEMANDE / GARAGE DE COLOMBES,RECU,,False,,False,,False,,True,
,2025-07-03 00:00:00,DMND/0307/5342,ABDELLAH,PSH,COMPRESSEUR DE CLIM ,"090,305,001,876",1.0,DEMANDE CLIENT,RECU,,False,,False,,False,,True,
,2025-07-04 00:00:00,DMND/0407/1871,SAMY,OTTOGO,DISQUES AVEC ROULEMENTS,BG9031RS = BD3190R,2.0,RETOUR AU STOCK,RECU,,False,,False,,False,,True,
,2025-07-04 00:00:00,DMND/0407/5926,SAMY,MAPCO,FILTRE A AIR,ELP9382 = a141758,1.0,RETOUR AU STOCK,RECU,,False,,False,,False,,True,
,2025-07-04 00:00:00,DMND/0407/3823,SAMY,DROP,JAUGE HUILE,954139.0,1.0,DEMANDE CLIENT,RECU,,False,,False,,False,,True,
,2025-07-04 00:00:00,DMND/0407/3169,SAMY,OTTOGO,PLAQUETTES DE FREIN,BP4517 = LP1745 ,1.0,RETOUR AU STOCK,RECU,,False,,False,,False,,True,
,2025-07-04 00:00:00,DMND/0407/3303,ABDELLAH,MGA,ROULEMENTS,KR4112,2.0,DEMANDE CLIENT,RECU,,False,,False,,False,,True,
,2025-07-04 00:00:00,DMND/0407/6879,ABDELLAH,ACR,DISQUES BREMBO,09D77011,2.0,DEMANDE CLIENT,RECU,,False,,False,,False,,True,
,2025-07-04 00:00:00,DMND/0407/9634,ABDELLAH,ACR,PLAQUETTES DE FREIN,BP2517,1.0,DEMANDE CLIENT,RECU,,False,,False,,False,,True,
,2025-07-04 00:00:00,DMND/0407/3508,AYOUB,OTTOGO,ALTERNATEUR,TP8054,1.0,DEMANDE CLIENT,RECU,,False,,False,,False,,True,
,2025-07-04 00:00:00,DMND/0407/9731,ABDELLAH,OTTOGO,DEBITMETRE ,AF10061-11B1,1.0,DEMANDE CLIENT,RECU,,False,,False,,False,,True,
,2025-07-05 00:00:00,DMND/0407/6441,ABDELLAH,AP,VANNE EGR,ELS73-0319,1.0,DEMANDE CLIENT,RECU,,False,,False,,False,,True,
,2025-07-04 00:00:00,DMND/0407/5514,AYOUB,AP,PLAQUETTES DE FREIN,LP2441 = 19-2910,1.0,DEMANDE CLIENT,RECU,,False,,False,,False,,True,
,2025-07-04 00:00:00,DMND/0407/8707,ABDELLAH,OTTOGO,SUPPORT MOTEUR,2704015.0,1.0,DEMANDE CLIENT,RECU,,False,,False,,False,,True,
,2025-07-07 00:00:00,DMND/0407/2240,SAMY,AP,FILTRE A HUILE,OF-669 = ELH4424,1.0,RETOUR AU STOCK,RECU,,False,,False,,False,,True,
,2025-07-07 00:00:00,DMND/0407/9063,SAMY,AP,FILTRE A GASOIL,PF-759 = ELG5455,1.0,RETOUR AU STOCK,RECU,,False,,False,,False,,True,
,2025-07-07 00:00:00,DMND/0407/2955,SAMY,AP,FILTRE A AIR,AF8828 = elp9446,1.0,RETOUR AU STOCK,RECU,,False,,False,,False,,True,
,2025-07-04 00:00:00,DMND/0407/2294,SAMY,ACR,FILTRE HABITACLE,PC8365 = EAR7313,1.0,RETOUR AU STOCK,RECU,,False,,False,,False,,True,
,2025-07-07 00:00:00,DMND/0407/2955,SAMY,AP,FILTRE A AIR,AF8828 = elp9446,1.0,RETOUR AU STOCK,RECU,,False,,False,,False,,True,
,2025-07-04 00:00:00,DMND/0407/2294,SAMY,ACR,FILTRE HABITACLE,PC8365 = EAR7313,1.0,RETOUR AU STOCK,RECU,,False,,False,,False,,True,
,,,,,,,,,,,False,,False,,False,,False,
,,,,,,,,,,,False,,False,,False,,False,
,2025-07-04 00:00:00,DMND/0307/4317,MHAMED,MAPCO,SUPPORT MOTEUR,4001717.0,1.0,RETOUR AU STOCK,RECU,,False,,False,,False,,True,
,2025-07-04 00:00:00,DMND/0407/8201,MHAMED,MGA,CAPTEUR ABS,CABS209,1.0,DEMANDE / NORDINE 92,RECU,,False,,False,,False,,True,
,2025-07-04 00:00:00,DMND/0407/6762,MHAMED,MGA,POULIE DAMPER,DP109,1.0,RETOUR AU STOCK,RECU,,False,,False,,False,,True,
,2025-07-04 00:00:00,DMND/0407/8772,SAMY,ACR,PLAQUETTES AV BOSCH,BP1736,1.0,DEMANDE CLIENT,RECU,,False,,False,,False,,True,
,2025-07-04 00:00:00,DMND/0407/4665,MHAMED,AP,CULBUTEURS + POUSSOIR,423001210.0,8.0,DEMANDE CLIENT,RECU,,False,,False,,False,,True,
,2025-07-07 00:00:00,DMND/0407/6093,SAMY,AP,FILTRE A AIR,AF-1314 = elp9284,1.0,RETOUR AU STOCK,RECU,,False,,False,,False,,True,
,2025-07-07 00:00:00,DMND/0407/8905,ABDELLAH,PSH,AMORTISSEUR ,,1.0,DEMANDE CLIENT,RECU,Garantie,False,ven 04/07/25 à 16:37,False,ven 04/07/25 à 16:37,False,,True,
,2025-07-04 00:00:00,DMND/0407/9205,MHAMED,ACR,FLEXIBLE,SL 7006 ,1.0,DEMANDE CLIENT,RECU,,False,,False,,False,,True,
,2025-07-04 00:00:00,DMND/0407/2243,MHAMED,CAL,BARRE STAB,TC7802,1.0,DEMANDE CLIENT,RECU,,False,,False,,False,,True,
,2025-07-04 00:00:00,DMND/0407/6047,MHAMED,OTTOGO,ALTERNATEUR,IV8003  ,1.0,DEMANDE CLIENT,RECU,,False,,False,,False,,True,
,2025-07-04 00:00:00,DMND/0407/2500,MHAMED,CAL,BARRE STAB,TC7802,1.0,DEMANDE CLIENT,RECU,,False,,False,,False,,True,
,2025-07-04 00:00:00,DMND/0407/2541,MHAMED,AFP,BARRE STAB,TC7802,1.0,DEMANDE CLIENT,RECU,,False,,False,,False,,True,
,2025-07-04 00:00:00,DMND/0407/8443,SAMY,OTTOGO,ROTULE DE DIRECTION,12939AP=TA1828,1.0,RETOUR AU STOCK,RECU,,False,,False,,False,,True,
,2025-07-04 00:00:00,DMND/0407/7132,SAMY,ACR,FILTRE A HUILE,"
FT6030=ELH4406",1.0,RETOUR AU STOCK,RECU,,False,,False,,False,,True,
,2025-07-04 00:00:00,DMND/0407/5909,SAMY,ACR,FILTRE A GASOIL,FP5923 = ELG5400,1.0,RETOUR AU STOCK,RECU,,False,,False,,False,,True,
,2025-07-04 00:00:00,DMND/0407/7132,SAMY,ACR,FILTRE A HUILE,"
FT6030=ELH4406",1.0,RETOUR AU STOCK,RECU,,False,,False,,False,,True,
,2025-07-04 00:00:00,DMND/0407/5909,SAMY,ACR,FILTRE A GASOIL,FP5923 = ELG5400,1.0,RETOUR AU STOCK,RECU,,False,,False,,False,,True,
,2025-07-04 00:00:00,DMND/0407/6951,SAMY,OTTOGO,FILTRE HABITACLE,HB239C = EKR7275,1.0,RETOUR AU STOCK,RECU,,False,,False,,False,,True,
,2025-07-04 00:00:00,DMND/0407/7132,SAMY,ACR,FILTRE A HUILE,"
FT6030=ELH4406",1.0,RETOUR AU STOCK,RECU,,False,,False,,False,,True,
,2025-07-04 00:00:00,DMND/0407/5909,SAMY,ACR,FILTRE A GASOIL,FP5923 = ELG5400,1.0,RETOUR AU STOCK,RECU,,False,,False,,False,,True,
,2025-07-04 00:00:00,DMND/0407/6951,SAMY,OTTOGO,FILTRE HABITACLE,HB239C = EKR7275,1.0,RETOUR AU STOCK,RECU,,False,,False,,False,,True,
,,,,,,,,,,,False,,False,,False,,False,
,,,,,,,,,,,False,,False,,False,,False,
,,,,,,,,,,,False,,False,,False,,False,
,,,,,,,,,,,False,,False,,False,,False,
,,,,,,,,,,,False,,False,,False,,False,
,2025-07-04 00:00:00,DMND/0407/4658,SAMY,ACR,FILTRE A AIR,ELP9392 = PA7776,1.0,RETOUR AU STOCK,RECU,,False,,False,,False,,True,
,2025-07-04 00:00:00,DMND/0407/3593,SAMY,CAL,CAPTEUR ABS,302116.0,1.0,DEMANDE CLIENT,RECU,,False,,False,,False,,True,
,2025-07-04 00:00:00,DMND/0407/5326,ABDELLAH,MAPCO,TRIANGLE,211300 + 211301,2.0,DEMANDE / PARIS,RECU,,False,,False,,False,,True,
,2025-07-04 00:00:00,DMND/0407/6234,SAMY,AZ,BATTERIE ,YTX20L,1.0,DEMANDE CLIENT,RECU,,False,,False,,False,,True,
,2025-07-04 00:00:00,DMND/0407/8202,MHAMED,ACR,KIT EMBRAYAGE,623353400.0,1.0,DEMANDE CLIENT,RECU,Autre,False,sam 05/07/25 à 10:26,False,,False,,True,
,2025-07-04 00:00:00,DMND/0407/2108,SAMY,ACR,CONTACTEUR FEU STOP,24902F,2.0,DEMANDE CLIENT,RECU,,False,,False,,False,,True,
,2025-07-04 00:00:00,DMND/0407/8169,MHAMED,MAPCO,,37584 = LP2028,2.0,DEMANDE CLIENT,RECU,,False,,False,,False,,True,
,2025-07-05 00:00:00,DMND/0507/1772,MHAMED,ACR,CONTACTEUR HUILE,12630F ,1.0,DEMANDE CLIENT,RECU,,False,,False,,False,,True,
,2025-07-05 00:00:00,DMND/0507/1379,MHAMED,OTTOGO,BIELLETTE BARRE  STABLE,16809AP  = TC1802 / 16810AP = TC1803,2.0,RETOUR AU STOCK,RECU,,False,,False,,False,,False,
,2025-07-05 00:00:00,DMND/0507/2467,AYOUB,ACR,ESSUIE GLACE,574158/574147,2.0,DEMANDE CLIENT,RECU,,False,,False,,False,,True,
,2025-07-05 00:00:00,DMND/0507/4185,MHAMED,OTTOGO,FILTRE A AIR,ELP9130,1.0,RETOUR AU STOCK,RECU,,False,,False,,False,,False,
,2025-07-05 00:00:00,DMND/0507/3439,AYOUB,ACR,DEBIMETRE AIR,2678V,1.0,DEMANDE CLIENT,RECU,,False,,False,,False,,False,
,2025-07-08 00:00:00,DMND/0507/1569,MHAMED,AP,DISQUES AV,BG4166 = 19-2366,1.0,RETOUR AU STOCK,RECU,,False,,False,,False,,False,
,2025-07-07 00:00:00,DMND/0507/8273,MHAMED,AP,PLAQUETTE ARR,LP1714 = 19-1102,1.0,DEMANDE CLIENT,RECU,,False,,False,,False,,True,
,2025-07-08 00:00:00,DMND/0507/1663,MHAMED,AP,DISQUES AV,BG4265C = 19-1285,1.0,RETOUR AU STOCK,RECU,,False,,False,,False,,False,
,2025-07-08 00:00:00,DMND/0507/8940,MHAMED,AP,DISQUES ARR RLTS,BG9138RS = 19-1976,1.0,RETOUR AU STOCK,RECU,,False,,False,,False,,False,
,2025-07-08 00:00:00,DMND/0507/9194,MHAMED,AP,PLAQUETTE AV,LP1958 = ADA104249,1.0,RETOUR AU STOCK,RECU,,False,,False,,False,,False,
,2025-07-08 00:00:00,DMND/0507/1663,MHAMED,AP,DISQUES AV,BG4265C = 19-1285,1.0,RETOUR AU STOCK,RECU,,False,,False,,False,,False,
,2025-07-08 00:00:00,DMND/0507/8940,MHAMED,AP,DISQUES ARR RLTS,BG9138RS = 19-1976,1.0,RETOUR AU STOCK,RECU,,False,,False,,False,,False,
,2025-07-08 00:00:00,DMND/0507/9194,MHAMED,AP,PLAQUETTE AV,LP1958 = ADA104249,1.0,RETOUR AU STOCK,RECU,,False,,False,,False,,False,
,,,,,,,,,,,False,,False,,False,,False,
,,,,,,,,,,,False,,False,,False,,False,
,,,,,,,,,,,False,,False,,False,,False,
,2025-07-08 00:00:00,DMND/0507/1663,MHAMED,AP,DISQUES AV,BG4265C = 19-1285,1.0,RETOUR AU STOCK,RECU,,False,,False,,False,,False,
,2025-07-08 00:00:00,DMND/0507/8940,MHAMED,AP,DISQUES ARR RLTS,BG9138RS = 19-1976,1.0,RETOUR AU STOCK,RECU,,False,,False,,False,,False,
,2025-07-08 00:00:00,DMND/0507/9194,MHAMED,AP,PLAQUETTE AV,LP1958 = ADA104249,1.0,RETOUR AU STOCK,RECU,,False,,False,,False,,False,
,,,,,,,,,,,False,,False,,False,,False,
,,,,,,,,,,,False,,False,,False,,False,
,,,,,,,,,,,False,,False,,False,,False,
,,,,,,,,,,,False,,False,,False,,False,
,,,,,,,,,,,False,,False,,False,,False,
,,,,,,,,,,,False,,False,,False,,False,
,,,,,,,,,,,False,,False,,False,,False,
,,,,,,,,,,,False,,False,,False,,False,
,,,,,,,,,,,False,,False,,False,,False,
,2025-07-08 00:00:00,DMND/0507/2322,MHAMED,AP,FILTRE A POLLEN,ELR7123 = KF-6284,1.0,RETOUR AU STOCK,RECU,,False,,False,,False,,False,
,2025-07-08 00:00:00,DMND/0507/1650,MHAMED,AP,FILTRE A AIR,ELP9314 = AF-8028,1.0,RETOUR AU STOCK,RECU,,False,,False,,False,,False,
,,,,,,,,,,,False,,False,,False,,False,
,,,,,,,,,,,False,,False,,False,,False,
,2025-07-08 00:00:00,DMND/0507/3299,MHAMED,AP,DISQUES AV,BG4114 = 19-1866,1.0,RETOUR AU STOCK,RECU,,False,,False,,False,,False,
,2025-07-08 00:00:00,DMND/0507/7957,MHAMED,AP,PLAQUETTE AV,LP2003 = 191460,1.0,RETOUR AU STOCK,RECU,,False,,False,,False,,False,
,2025-07-08 00:00:00,DMND/0507/3299,MHAMED,AP,DISQUES AV,0.0,1.0,RETOUR AU STOCK,RECU,,False,,False,,False,,False,
,2025-07-08 00:00:00,DMND/0507/7957,MHAMED,AP,PLAQUETTE AV,LP2003 = 191460,1.0,RETOUR AU STOCK,RECU,,False,,False,,False,,False,
,,,,,,,,,,,False,,False,,False,,False,
,,,,,,,,,,,False,,False,,False,,False,
,2025-07-05 00:00:00,DMND/0507/3603,MHAMED,ACR,FILTRE A GASOIL,F 026 402 836 ,1.0,RETOUR AU STOCK,RECU,,False,,False,,False,,False,
,2025-07-05 00:00:00,DMND/0507/5905,MHAMED,ACR,PLAQUETTE AV,986494662.0,1.0,RETOUR AU STOCK,RECU,,False,,False,,False,,False,
,2025-07-05 00:00:00,DMND/0507/1644,MHAMED,DCA,SERRINGUE,666661.0,2.0,RETOUR AU STOCK,RECU,,False,,False,,False,,False,
,2025-07-05 00:00:00,DMND/0507/5585,MHAMED,OTTOGO,FILTRE A AR,ELP9399,1.0,RETOUR AU STOCK,RECU,,False,,False,,False,,False,
,2025-07-05 00:00:00,DMND/0507/3603,MHAMED,ACR,FILTRE A GASOIL,F 026 402 836 ,1.0,RETOUR AU STOCK,RECU,,False,,False,,False,,False,
,2025-07-05 00:00:00,DMND/0507/5905,MHAMED,ACR,PLAQUETTE AV,986494662.0,1.0,RETOUR AU STOCK,RECU,,False,,False,,False,,False,
,2025-07-05 00:00:00,DMND/0507/1644,MHAMED,DCA,SERRINGUE,666661.0,2.0,RETOUR AU STOCK,RECU,,False,,False,,False,,True,
,2025-07-05 00:00:00,DMND/0507/5585,MHAMED,OTTOGO,FILTRE A AR,ELP9399,1.0,RETOUR AU STOCK,RECU,,False,,False,,False,,True,
,,,,,,,,,,,False,,False,,False,,False,
,,,,,,,,,,,False,,False,,False,,False,
,,,,,,,,,,,False,,False,,False,,False,
,,,,,,,,,,,False,,False,,False,,False,
,2025-07-05 00:00:00,DMND/0507/3603,MHAMED,ACR,FILTRE A GASOIL,F 026 402 836 ,1.0,RETOUR AU STOCK,RECU,,False,,False,,False,,False,
,2025-07-05 00:00:00,DMND/0507/5905,MHAMED,ACR,PLAQUETTE AV,986494662.0,1.0,RETOUR AU STOCK,RECU,,False,,False,,False,,False,
,2025-07-05 00:00:00,DMND/0507/1644,MHAMED,DCA,SERRINGUE,666661.0,2.0,RETOUR AU STOCK,RECU,,False,,False,,False,,False,
,2025-07-05 00:00:00,DMND/0507/5585,MHAMED,OTTOGO,FILTRE A AR,ELP9399,1.0,RETOUR AU STOCK,RECU,,False,,False,,False,,False,
,2025-07-05 00:00:00,DMND/0507/9810,MHAMED,SAFA / LAD,KIT PAE,KTBWP5320 = KT011 ,1.0,RETOUR AU STOCK,RECU,,False,,False,,False,,False,
,,,,,,,,,,,False,,False,,False,,False,
,,,,,,,,,,,False,,False,,False,,False,
,,,,,,,,,,,False,,False,,False,,False,
,,,,,,,,,,,False,,False,,False,,False,
,,,,,,,,,,,False,,False,,False,,False,
,,,,,,,,,,,False,,False,,False,,False,
,,,,,,,,,,,False,,False,,False,,False,
,,,,,,,,,,,False,,False,,False,,False,
,,,,,,,,,,,False,,False,,False,,False,
,,,,,,,,,,,False,,False,,False,,False,
,,,,,,,,,,,False,,False,,False,,False,
,,,,,,,,,,,False,,False,,False,,False,
,,,,,,,,,,,,,,,,,,
,,,,,,,,,,,,,,,,,,
,,,,,,,,,,,,,,,,,,
,,,,,,,,,,,,,,,,,,
,,,,,,,,,,,,,,,,,,
,,,,,,,,,,,False,,False,,False,,False,
,,,,,,,,,,,False,,False,,False,,False,
,,,,,,,,,,,False,,False,,False,,False,
,,,,,,,,,,,False,,False,,False,,False,
,,,,,,,,,,,False,,False,,False,,False,
,,,,,,,,,,,False,,False,,False,,False,
,,,,,,,,,,,False,,False,,False,,False,
,,,,,,,,,,,False,,False,,False,,False,
,,,,,,,,,,,False,,False,,False,,False,
,,,,,,,,,,,False,,False,,False,,False,
,,,,,,,,,,,False,,False,,False,,False,
,,,,,,,,,,,False,,False,,False,,False,
,,,,,,,,,,,False,,False,,False,,False,
,,,,,,,,,,,False,,False,,False,,False,
,,,,,,,,,,,False,,False,,False,,False,
,,,,,,,,,,,False,,False,,False,,False,
,,,,,,,,,,,False,,False,,False,,False,
,,,,,,,,,,,False,,False,,False,,False,
,,,,,,,,,,,False,,False,,False,,False,
,,,,,,,,,,,False,,False,,False,,False,
,,,,,,,,,,,False,,False,,False,,False,
,,,,,,,,,,,False,,False,,False,,False,
,,,,,,,,,,,False,,False,,False,,False,
,,,,,,,,,,,False,,False,,False,,False,
,,,,,,,,,,,False,,False,,False,,False,
,,,,,,,,,,,False,,False,,False,,False,
,,,,,,,,,,,False,,False,,False,,False,
,,,,,,,,,,,False,,False,,False,,False,
,,,,,,,,,,,False,,False,,False,,False,
,,,,,,,,,,,,,,,,,,
,,,,,,,,,,,False,,False,,False,,False,
,,,,,,,,,,,False,,False,,False,,False,
,,,,,,,,,,,False,,False,,False,,False,
,,,,,,,,,,,False,,False,,False,,False,
,,,,,,,,,,,False,,False,,False,,False,
,,,,,,,,,,,False,,False,,False,,False,
,,,,,,,,,,,False,,False,,False,,False,
,,,,,,,,,,,False,,False,,False,,False,
,,,,,,,,,,,False,,False,,False,,False,
,,,,,,,,,,,False,,False,,False,,False,
,,,,,,,,,,,False,,False,,False,,False,
,,,,,,,,,,,False,,False,,False,,False,
,,,,,,,,,,,False,,False,,False,,False,
,,,,,,,,,,,False,,False,,False,,False,
,,,,,,,,,,,False,,False,,False,,False,
,,,,,,,,,,,False,,False,,False,,False,
,,,,,,,,,,,False,,False,,False,,False,
,,,,,,,,,,,False,,False,,False,,False,
,,,,,,,,,,,False,,False,,False,,False,
,,,,,,,,,,,False,,False,,False,,False,
,,,,,,,,,,,False,,False,,False,,False,
,,,,,,,,,,,False,,False,,False,,False,
,,,,,,,,,,,False,,False,,False,,False,
,,,,,,,,,,,False,,False,,False,,False,
,,,,,,,,,,,False,,False,,False,,False,
,,,,,,,,,,,False,,False,,False,,False,
,,,,,,,,,,,False,,False,,False,,False,
,,,,,,,,,,,False,,False,,False,,False,
,,,,,,,,,,,False,,False,,False,,False,
,,,,,,,,,,,False,,False,,False,,False,
,,,,,,,,,,,False,,False,,False,,False,
,,,,,,,,,,,False,,False,,False,,False,
,,,,,,,,,,,False,,False,,False,,False,
,,,,,,,,,,,False,,False,,False,,False,
,,,,,,,,,,,,,,,,,,
,,,,,,,,,,,,,,,,,,
,,,,,,,,,,,,,,,,,,
,,,,,,,,,,,,,,,,,,
,,,,,,,,,,,,,,,,,,
,,,,,,,,,,,,,,,,,,
,,,,,,,,,,,,,,,,,,
,,,,,,,,,,,,,,,,,,
,,,,,,,,,,,,,,,,,,
,,,,,,,,,,,False,,False,,False,,False,
,,,,,,,,,,,False,,False,,False,,False,
,,,,,,,,,,,False,,False,,False,,False,
,,,,,,,,,,,,,,,,,,
,,,,,,,,,,,,,,,,,,
,,,,,,,,,,,,,,,,,,
,,,,,,,,,,,,,,,,,,
,,,,,,,,,,,,,,,,,,
,,,,,,,,,,,False,,False,,False,,False,
,,,,,,,,,,,,,,,,,,
,,,,,,,,,,,,,,,,,,
,,,,,,,,,,,,,,,,,,
,,,,,,,,,,,,,,,,,,
,,,,,,,,,,,,,,,,,,
,,,,,,,,,,,,,,,,,,
,,,,,,,,,,,,,,,,,,
,,,,,,,,,,,,,,,,,,
,,,,,,,,,,,,,,,,,,
,,,,,,,,,,,,,,,,,,
,,,,,,,,,,,,,,,,,,
,,,,,,,,,,,,,,,,,,
,,,,,,,,,,,,,,,,,,
,,,,,,,,,,,,,,,,,,
,,,,,,,,,,,,,,,,,,
,,,,,,,,,,,,,,,,,,
,,,,,,,,,,,,,,,,,,
,,,,,,,,,,,,,,,,,,
,,,,,,,,,,,,,,,,,,
,,,,,,,,,,,,,,,,,,
,,,,,,,,,,,,,,,,,,
,,,,,,,,,,,,,,,,,,
,,,,,,,,,,,,,,,,,,
,,,,,,,,,,,,,,,,,,
,,,,,,,,,,,,,,,,,,
,,,,,,,,,,,,,,,,,,
,,,,,,,,,,,,,,,,,,
,,,,,,,,,,,,,,,,,,
,,,,,,,,,,,,,,,,,,
,2025-07-08 00:00:00,DMND/0807/3038,ABDELLAH,OTTOGO,SONDE LAMBDA AVAL ,ES11105-12B1,1.0,DEMANDE CLIENT,,,False,,False,,False,,False,
,2025-07-08 00:00:00,DMND/0807/4580,ABDELLAH,OTTOGO,THERMOSTAT HUILE ,DT1100H,1.0,DEMANDE CLIENT,,,False,,False,,False,,False,
,2025-07-08 00:00:00,DMND/0807/3114,ABDELLAH,MAPCO,HUILE,CASTROL EDGE 5W30,4.0,DEMANDE CLIENT,,,False,,False,,False,,False,
,2025-07-08 00:00:00,DMND/0807/2923,MHAMED,OTTOGO,577956.0,ESG AV,1.0,DEMANDE CLIENT,,,False,,False,,False,,False,
,2025-07-08 00:00:00,DMND/0807/4041,MHAMED,MAPCO,A140117 / KS2100919 /A120014,3 FILTRES,1.0,DEMANDE CLIENT,,,False,,False,,False,,False,
,2025-07-08 00:00:00,DMND/0807/6733,MHAMED,ACR,2504020005.0,4 BOUGIES,4.0,DEMANDE CLIENT,,,False,,False,,False,,False,
,2025-07-08 00:00:00,DMND/0807/9343,MHAMED,DROP,492J4702058,ROULEMENT,1.0,DEMANDE / MARCEAU,,,False,,False,,False,,False,
,2025-07-08 00:00:00,DMND/0807/1784,MHAMED,OTTOGO,10W40 1L,HUILE,6.0,DEMANDE CLIENT,RECU,,False,,False,,False,,False,
,2025-07-08 00:00:00,DMND/0807/5912,MHAMED,ACR,FILTRE AIR,F026400095,1.0,DEMANDE CLIENT,,,False,,False,,False,,False,
,2025-07-08 00:00:00,DMND/0807/5080,MHAMED,ACR,DEMARREUR,LRS02299,1.0,DEMANDE CLIENT,,,False,,False,,False,,False,
,2025-07-08 00:00:00,DMND/0807/1876,MHAMED,OTTOGO,ENJOLIVEUR + PLAQUETTE,"
GUTBP9818 + ENJO 14
",1.0,DEMANDE CLIENT,,,False,,False,,False,,False,
,2025-07-08 00:00:00,DMND/0807/8438,MHAMED,AFP,1 TRIANGLE + 2 ROTULE,BTR5574 X2 / TC2494,1.0,DEMANDE CLIENT,,,False,,False,,False,,False,
,2025-07-08 00:00:00,DMND/0807/3016,MHAMED,OTTOGO,TRIANGLE,OPTIMAL  -  OPTG6-1242 ,1.0,DEMANDE CLIENT,,,False,,False,,False,,False,
,2025-07-08 00:00:00,DMND/0807/9789,MHAMED,CAL,PLAQUETTE + DISQUES,BD2794 / BP2488,1.0,DEMANDE CLIENT,,,False,,False,,False,,False,
,2025-07-08 00:00:00,DMND/0807/9673,MHAMED,AFP,COUVRE,428.960,1.0,DEMANDE CLIENT,,,False,,False,,False,,False,
,2025-07-08 00:00:00,DMND/0707/8600,ABDELLAH,DROP,BATTERIE ,60AH EFB CONTINENTAL,2.0,RETOUR AU STOCK,RECU,,False,,False,,False,,False,
,2025-07-08 00:00:00,DMND/0807/3923,ABDELLAH,OTTOGO,KIT DISTIBUTION +POMPE A EAU,8201PA3 / KTBWP2964,1.0,RETOUR AU STOCK,RECU,,False,,False,,False,,False,
,,,,,,,,,,,,,,,,,,
,,,,,,,,,,,,,,,,,,
,,,,,,,,,,,,,,,,,,
,,,,,,,,,,,,,,,,,,
,2025-07-09 00:00:00,DMND/0807/3352,ABDELLAH,AP,RESISTANCE CHAUFFAGE ,342084.0,1.0,DEMANDE CLIENT,,,False,,False,,False,,False,
,2025-07-08 00:00:00,DMND/0807/5536,ABDELLAH,OTTOGO,FILTE HUILE ,ELH4436,2.0,DEMANDE CLIENT,,,False,,False,,False,,False,
,2025-07-08 00:00:00,DMND/0807/4427,ABDELLAH,MAPCO,FILTRE CARBURANT,A121013 / ELG5435,1.0,DEMANDE CLIENT,,,False,,False,,False,,False,
,2025-07-08 00:00:00,DMND/0807/7876,ABDELLAH,MAPCO,FILTRE HABITACLE,M110874 / ELR7291,1.0,DEMANDE CLIENT,,,False,,False,,False,,False,
,2025-07-08 00:00:00,DMND/0807/8217,MHAMED,CAL,LEVE VITRE,851047.0,1.0,DEMANDE CLIENT,,,False,,False,,False,,False,
,2025-07-08 00:00:00,DMND/0807/3493,MHAMED,CAL,PLAQUE POLICE,PLAQUE PLEXI,2.0,DEMANDE CLIENT,,,False,,False,,False,,False,
,2025-07-09 00:00:00,DMND/0907/2654,MHAMED,MAPCO,MOYEU DE ROUE,110201.0,2.0,DEMANDE CLIENT,,,False,,False,,False,,False,
,2025-07-09 00:00:00,DMND/0907/4563,MHAMED,CAL,KIT ACCESSOIRE,VKMA31025,1.0,DEMANDE CLIENT,,,False,,False,,False,,False,
,2025-07-09 00:00:00,DMND/0907/1737,ABDELLAH,MGA,TRIANGLE ,SB7165,1.0,DEMANDE CLIENT,,,False,,False,,False,,False,
,2025-07-09 00:00:00,DMND/0907/2901,MHAMED,ACR,COURROIE ALT,5PK1745,1.0,DEMANDE CLIENT,,,False,,False,,False,,False,
,2025-07-09 00:00:00,DMND/0907/1117,MHAMED,OTTOGO,PLAQUETTE FR,BP1415  ,2.0,DEMANDE CLIENT,,,False,,False,,False,,False,
,2025-07-09 00:00:00,DMND/0907/6343,MHAMED,OTTOGO,DISQUES AV,BD2236  ,3.0,DEMANDE CLIENT,,,False,,False,,False,,False,
,2025-07-09 00:00:00,DMND/0907/8481,MHAMED,OTTOGO,PLAQUETTE AV,BP5316  ,2.0,DEMANDE CLIENT,,,False,,False,,False,,False,
,2025-07-10 00:00:00,DMND/0907/1240,ABDELLAH,AP,HUILE DE BOITE ,ATF 6009/0140193200,5.0,DEMANDE CLIENT,,,False,,False,,False,,False,
,2025-07-09 00:00:00,DMND/0907/9789,ABDELLAH,OTTOGO,PLAQUETTE,LP314 / PF0179,1.0,RETOUR AU STOCK,,,False,,False,,False,,False,
,2025-07-09 00:00:00,DMND/0907/1019,MHAMED,MAPCO,ROTULE AXIALE,240598.0,2.0,DEMANDE / ,,,False,,False,,False,,False,
,2025-07-09 00:00:00,DMND/0907/3303,MHAMED,MAPCO,FILTRE A  GO,A120947,1.0,DEMANDE CLIENT,,,False,,False,,False,,False,
,2025-07-09 00:00:00,DMND/0907/6325,MHAMED,MAPCO,FILTRE A AIR,M110866,1.0,DEMANDE CLIENT,,,False,,False,,False,,False,
,2025-07-09 00:00:00,DMND/0907/2975,MHAMED,OTTOGO,ALTERNATEUR ,TR8199,1.0,DEMANDE CLIENT,,,False,,False,,False,,False,
,2025-07-09 00:00:00,DMND/0907/8540,ABDELLAH,ACR,BOUGIE ,242235668.0,4.0,DEMANDE CLIENT,,,False,,False,,False,,False,
,2025-07-09 00:00:00,DMND/0907/7901,ABDELLAH,MAPCO,EMETTEUR ,51185.0,1.0,DEMANDE CLIENT,,,False,,False,,False,,False,
,2025-07-09 00:00:00,DMND/0907/8043,ABDELLAH,MAPCO,RECEPTEUR ,51026.0,1.0,DEMANDE CLIENT,,,False,,False,,False,,False,
,2025-07-09 00:00:00,DMND/0907/7130,MHAMED,CAL,BOUGIES X4,FR5KPP332S,1.0,DEMANDE / LAVAGE EXPRESS,,,False,,False,,False,,False,
,2025-07-09 00:00:00,DMND/0907/9795,MHAMED,ACR,CONTACTEUR,12701F,1.0,DEMANDE / ,,,False,,False,,False,,False,
,2025-07-09 00:00:00,DMND/0907/5810,MHAMED,ACR,CONTACTEUR,12701F,1.0,DEMANDE CLIENT,,,False,,False,,False,,False,
,2025-07-09 00:00:00,DMND/0907/2208,ABDELLAH,ACR,BOUGIE ,5649.0,3.0,DEMANDE CLIENT,,,False,,False,,False,,False,
,2025-07-11 00:00:00,DMND/0907/3755,ABDELLAH,AP,CARTER HUILE BV ,34-0126,1.0,DEMANDE CLIENT,,,False,,False,,False,,False,
,2025-07-09 00:00:00,DMND/0907/9105,ABDELLAH,ACR,PLAQUETTE AV ,35065.0,1.0,DEMANDE CLIENT,,,False,,False,,False,,False,
,2025-07-09 00:00:00,DMND/0907/1921,MHAMED,CAL,RIVET,073V,1.0,DEMANDE CLIENT,,,False,,False,,False,,False,
,2025-07-09 00:00:00,DMND/0907/5742,MHAMED,AFP,VANNE EGR,EG1050712B1,1.0,DEMANDE / FLIX AUTO,,,False,,False,,False,,False,
,2025-07-10 00:00:00,DMND/1007/5560,ABDELLAH,CAL,BOBINE,155022.0,1.0,DEMANDE CLIENT,,,False,,False,,False,,False,
,2025-07-10 00:00:00,DMND/1007/8378,ABDELLAH,ACR,PMH,261210151.0,1.0,DEMANDE CLIENT,,,False,,False,,False,,False,
,2025-07-10 00:00:00,DMND/1007/9210,MHAMED,OTTOGO,PLAQUETTE,BP6919 ,1.0,DEMANDE CLIENT,,,False,,False,,False,,False,
,2025-07-10 00:00:00,DMND/0907/7007,MHAMED,OTTOGO,NETTOYANTS FR,4455.0,2.0,RETOUR AU STOCK,,,False,,False,,False,,False,
,2025-07-10 00:00:00,DMND/0907/7045,MHAMED,OTTOGO,LIQUIDE JAUNE,TYPE D,1.0,RETOUR AU STOCK,,,False,,False,,False,,False,
,2025-07-10 00:00:00,DMND/1007/4644,MHAMED,OTTOGO,C22,BATTERIE 60,1.0,RETOUR AU STOCK,,,False,,False,,False,,False,
,2025-07-10 00:00:00,DMND/1007/7582,MHAMED,OTTOGO,FILTRE A GO,M518 = ELG5318,1.0,RETOUR AU STOCK,,,False,,False,,False,,False,
,2025-07-10 00:00:00,DMND/1007/6095,MHAMED,OTTOGO,FILTRE AIR,ELP3919,1.0,RETOUR AU STOCK,RECU,,False,,False,,False,,True,
,,,,,,,,,,,False,,False,,False,,False,
,,,,,,,,,,,False,,False,,False,,False,
,,,,,,,,,,,False,,False,,False,,False,
,,,,,,,,,,,False,,False,,False,,False,
,2025-07-10 00:00:00,DMND/0907/7045,MHAMED,OTTOGO,LIQUIDE JAUNE,TYPE D,1.0,RETOUR AU STOCK,,,False,,False,,False,,False,
,2025-07-10 00:00:00,DMND/1007/4644,MHAMED,OTTOGO,C22,BATTERIE 60,1.0,RETOUR AU STOCK,,,False,,False,,False,,False,
,2025-07-10 00:00:00,DMND/1007/7582,MHAMED,OTTOGO,FILTRE A GO,M518 = ELG5318,1.0,RETOUR AU STOCK,,,False,,False,,False,,False,
,2025-07-10 00:00:00,DMND/1007/6095,MHAMED,OTTOGO,FILTRE AIR,ELP3919,1.0,RETOUR AU STOCK,,,False,,False,,False,,False,
,,,,,,,,,,,False,,False,,False,,False,
,,,,,,,,,,,False,,False,,False,,False,
,,,,,,,,,,,False,,False,,False,,False,
,,,,,,,,,,,False,,False,,False,,False,
,,,,,,,,,,,False,,False,,False,,False,
,,,,,,,,,,,False,,False,,False,,False,
,,,,,,,,,,,False,,False,,False,,False,
,,,,,,,,,,,False,,False,,False,,False,
,2025-07-10 00:00:00,DMND/1007/7200,MHAMED,OTTOGO,DISQUES RLTS,BD3291R  ,2.0,RETOUR AU STOCK,RECU,,False,,False,,False,,True,
,,,,,,,,,,,False,,False,,False,,False,
,,,,,,,,,,,False,,False,,False,,False,
,,,,,,,,,,,False,,False,,False,,False,
,,,,,,,,,,,False,,False,,False,,False,
,,,,,,,,,,,False,,False,,False,,False,
,,,,,,,,,,,False,,False,,False,,False,
,,,,,,,,,,,False,,False,,False,,False,
,,,,,,,,,,,False,,False,,False,,False,
,,,,,,,,,,,False,,False,,False,,False,
,,,,,,,,,,,False,,False,,False,,False,
,,,,,,,,,,,False,,False,,False,,False,
,,,,,,,,,,,False,,False,,False,,False,
,,,,,,,,,,,False,,False,,False,,False,
,,,,,,,,,,,False,,False,,False,,False,
,,,,,,,,,,,False,,False,,False,,False,
,,,,,,,,,,,False,,False,,False,,False,
,2025-07-10 00:00:00,DMND/1007/7200,MHAMED,OTTOGO,DISQUES RLTS,BD3291R  ,2.0,RETOUR AU STOCK,RECU,,False,,False,,False,,False,
,,,,,,,,,,,False,,False,,False,,False,
,,,,,,,,,,,False,,False,,False,,False,
,,,,,,,,,,,False,,False,,False,,False,
,,,,,,,,,,,False,,False,,False,,False,
,,,,,,,,,,,False,,False,,False,,False,
,,,,,,,,,,,False,,False,,False,,False,
,,,,,,,,,,,False,,False,,False,,False,
,,,,,,,,,,,False,,False,,False,,False,
,,,,,,,,,,,False,,False,,False,,False,
,,,,,,,,,,,False,,False,,False,,False,
,,,,,,,,,,,False,,False,,False,,False,
,,,,,,,,,,,False,,False,,False,,False,
,,,,,,,,,,,False,,False,,False,,False,
,,,,,,,,,,,False,,False,,False,,False,
,,,,,,,,,,,False,,False,,False,,False,
,,,,,,,,,,,False,,False,,False,,False,
,,,,,,,,,,,False,,False,,False,,False,
,,,,,,,,,,,False,,False,,False,,False,
,,,,,,,,,,,False,,False,,False,,False,
,,,,,,,,,,,False,,False,,False,,False,
,,,,,,,,,,,False,,False,,False,,False,
,,,,,,,,,,,False,,False,,False,,False,
,,,,,,,,,,,False,,False,,False,,False,
,,,,,,,,,,,False,,False,,False,,False,
,,,,,,,,,,,False,,False,,False,,False,
,,,,,,,,,,,False,,False,,False,,False,
,,,,,,,,,,,False,,False,,False,,False,
,,,,,,,,,,,False,,False,,False,,False,
,,,,,,,,,,,False,,False,,False,,False,
,2025-07-10 00:00:00,DMND/1007/3826,MHAMED,MAPCO,BIELLETTE STABLE,260718 = TC2270,2.0,RETOUR AU STOCK,RECU,,False,,False,,False,,True,
,2025-07-10 00:00:00,DMND/1007/1652,MHAMED,OTTOGO,PLAQUETTE ARR,302223 = LP3140,1.0,RETOUR AU STOCK,RECU,,False,,False,,False,,True,
,2025-07-10 00:00:00,DMND/1007/9200,MHAMED,OTTOGO,PLAQUETTE AV,lp3346,1.0,RETOUR AU STOCK,RECU,,False,,False,,False,,True,
,2025-07-10 00:00:00,DMND/1007/3826,MHAMED,MAPCO,BIELLETTE STABLE,260718 = TC2270,2.0,RETOUR AU STOCK,RECU,,False,,False,,False,,True,
,2025-07-10 00:00:00,DMND/1007/1652,MHAMED,OTTOGO,PLAQUETTE ARR,302223 = LP3140,1.0,RETOUR AU STOCK,RECU,,False,,False,,False,,True,
,2025-07-10 00:00:00,DMND/1007/9200,MHAMED,OTTOGO,PLAQUETTE AV,lp3346,1.0,RETOUR AU STOCK,RECU,,False,,False,,False,,True,
,,,,,,,,,,,False,,False,,False,,False,
,,,,,,,,,,,False,,False,,False,,False,
,,,,,,,,,,,False,,False,,False,,False,
,2025-07-10 00:00:00,DMND/1007/2088,ABDELLAH,OTTOGO,PLAQUETTE AV ,301315.0,1.0,DEMANDE CLIENT,RECU,,False,,False,,False,,True,
,2025-07-10 00:00:00,DMND/1007/8912,ABDELLAH,OTTOGO,PLAQUETTE AR ,LP915,1.0,DEMANDE CLIENT,RECU,,False,,False,,False,,True,
,2025-07-10 00:00:00,DMND/1007/3411,ABDELLAH,OTTOGO,JEU DE DISQUE AV ,BG4231C,1.0,DEMANDE CLIENT,RECU,,False,,False,,False,,True,
,2025-07-10 00:00:00,DMND/1007/4554,ABDELLAH,OTTOGO,PLAQUETTE AV,PF0127,1.0,DEMANDE CLIENT,RECU,,False,,False,,False,,True,
,2025-07-10 00:00:00,DMND/1007/9744,ABDELLAH,MAPCO,ROULEMENT,200106.0,2.0,DEMANDE CLIENT,RECU,,False,,False,,False,,True,
,2025-07-10 00:00:00,DMND/1007/2023,ABDELLAH,ACR,CAPTEUR FEUX DE FREIN,24899F,1.0,DEMANDE CLIENT,RECU,,False,,False,,False,,True,
,2025-07-10 00:00:00,DMND/1007/2014,MHAMED,ACR,DEMARREUR 3107,SBO1217,1.0,DEMANDE CLIENT,,,False,,False,,False,,False,
,2025-07-11 00:00:00,DMND/1007/5149,ABDELLAH,DCA,DURITE RADIATEUR,3406304.0,1.0,DEMANDE CLIENT,,,False,,False,,False,,False,
,2025-07-10 00:00:00,DMND/1007/5209,ABDELLAH,ACR,CAPTEUR  ADMISSION,281006076.0,1.0,DEMANDE CLIENT,,,False,,False,,False,,False,
,2025-07-10 00:00:00,DMND/1007/7223,ABDELLAH,ACR,EMETTEUR EMBRAYAGE ,PND321,1.0,DEMANDE CLIENT,,,False,,False,,False,,False,
,2025-07-10 00:00:00,DMND/1007/5320,ABDELLAH,ACR,BOUGIE,242145555.0,4.0,DEMANDE CLIENT,,,False,,False,,False,,False,
,2025-07-10 00:00:00,DMND/1007/6096,ABDELLAH,OTTOGO,TRIANGLE ,TC3878,1.0,DEMANDE CLIENT,,,False,,False,,False,,False,
,2025-07-10 00:00:00,DMND/1007/3885,ABDELLAH,AFP,TRIANGLE ,TC3879,1.0,DEMANDE CLIENT,,,False,,False,,False,,False,
,2025-07-11 00:00:00,DMND/1007/8343,ABDELLAH,AP,SUPPORT MOTEUR DR ,18322.0,1.0,DEMANDE CLIENT,,,False,,False,,False,,False,
,2025-07-10 00:00:00,DMND/1007/3366,ABDELLAH,MAPCO,BIELETTE BARRE STABILISATRICE ,260880.0,2.0,DEMANDE CLIENT,,,False,,False,,False,,False,
,2025-07-11 00:00:00,DMND/1007/5393,ABDELLAH,AP,ELECTROVANNE,"7,02256,04,0",1.0,DEMANDE CLIENT,,,False,,False,,False,,False,
,2025-07-12 00:00:00,DMND/1007/3164,ABDELLAH,AP,POUSSOIR,420020910.0,8.0,DEMANDE CLIENT,,,False,,False,,False,,False,
,2025-07-10 00:00:00,DMND/1007/3634,ABDELLAH,OTTOGO,KIT DISTRIBUTION,779TBK2,1.0,DEMANDE CLIENT,,,False,,False,,False,,False,
,2025-07-10 00:00:00,DMND/1007/9228,MHAMED,AFP,PLAQUETTE ,LP2135,1.0,DEMANDE CLIENT,,,False,,False,,False,,False,
,2025-07-10 00:00:00,DMND/1007/3189,MHAMED,CAL,BAGUE ETANCHEITE ,19034713.0,2.0,DEMANDE CLIENT,,,False,,False,,False,,False,
,2025-07-10 00:00:00,DMND/1007/7788,MHAMED,SAFA / LAD,KIT DISTRIBUTION,KS1074T,1.0,DEMANDE CLIENT,,,False,,False,,False,,False,
,2025-07-10 00:00:00,DMND/1007/5895,MHAMED,OTTOGO,POMPE A EAU ,PE501 /WP2616,2.0,DEMANDE CLIENT,,,False,,False,,False,,False,
,2025-07-10 00:00:00,DMND/1007/3684,MHAMED,DCA,SUPPORT MOTEUR,2706492.0,1.0,DEMANDE CLIENT,,,False,,False,,False,,False,
,2025-07-10 00:00:00,DMND/1007/8100,MHAMED,SAFA / LAD,KIT ACCESSOIRE,KHV227,1.0,DEMANDE CLIENT,,,False,,False,,False,,False,
,2025-07-10 00:00:00,DMND/1007/2204,MHAMED,DCA,DURITE RADIATEUR,3404039.0,1.0,DEMANDE CLIENT,,,False,,False,,False,,False,
,2025-07-10 00:00:00,DMND/1007/4048,MHAMED,AZ,LEVE VITRE ,3048262.0,1.0,DEMANDE CLIENT,,,False,,False,,False,,False,
,2025-07-10 00:00:00,DMND/1007/7897,MHAMED,MAPCO,COUPELLE,D600023/22,1.0,DEMANDE CLIENT,,,False,,False,,False,,False,
,2025-07-11 00:00:00,DMND/1107/2846,MHAMED,OTTOGO,LEVE VITRE,850659.0,1.0,DEMANDE CLIENT,,,False,,False,,False,,False,
,2025-07-11 00:00:00,DMND/1107/1897,MHAMED,ACR,CAPTEUR ADMISSION,261230344.0,1.0,DEMANDE CLIENT,,,False,,False,,False,,False,
,2025-07-11 00:00:00,DMND/1107/5726,MHAMED,ACR,BOBINE,155075.0,1.0,DEMANDE / GARAGE DE COLOMBES,,,False,,False,,False,,False,
,2025-07-12 00:00:00,DMND/1107/9869,ABDELLAH,AP,JEU DE DISQUE AV,19-1868,1.0,DEMANDE CLIENT,,,False,,False,,False,,False,
,2025-07-12 00:00:00,DMND/1107/3579,ABDELLAH,OTTOGO,PLAQUETTE AV ,BP0421,1.0,DEMANDE CLIENT,,,False,,False,,False,,False,
,2025-07-12 00:00:00,DMND/1107/2659,ABDELLAH,AP,JEU DE DISQUE AR ,19-2351,1.0,DEMANDE CLIENT,,,False,,False,,False,,False,
,2025-07-12 00:00:00,DMND/1107/9275,ABDELLAH,AP,PLAQUETTE AR ,19-3006,1.0,DEMANDE CLIENT,,,False,,False,,False,,False,
,2025-07-11 00:00:00,DMND/1107/6203,ABDELLAH,OTTOGO,TRIANGLE ,18102AP,1.0,DEMANDE CLIENT,,,False,,False,,False,,False,
,2025-07-11 00:00:00,DMND/1107/2600,ABDELLAH,OTTOGO,TRIANGLE ,18103AP,1.0,DEMANDE CLIENT,,,False,,False,,False,,False,
,2025-07-11 00:00:00,DMND/1107/6963,ABDELLAH,PAP,LEVE VITRE G ,350103341000.0,1.0,DEMANDE CLIENT,,,False,,False,,False,,False,
,2025-07-11 00:00:00,DMND/1107/8959,ABDELLAH,OTTOGO,HUILE ,10W40 10L ///  5W30 1L,17.0,DEMANDE CLIENT,,,False,,False,,False,,False,
,2025-07-11 00:00:00,DMND/1107/1344,MHAMED,OTTOGO,PLAQUETTE + ETRIER,BP9221 + 1285081,1.0,DEMANDE / NORDINE 92,,,False,,False,,False,,False,
,2025-07-16 00:00:00,DMND/1207/6197,SAMY,AP,PLAQUETTES ARR,LP3659=19-3607,1.0,RETOUR AU STOCK,,,False,,False,,False,,False,
,2025-07-12 00:00:00,DMND/1207/4502,SAMY,AP,PLAQUETTES AV,LP3734=QP8221,1.0,DEMANDE CLIENT,,,False,,False,,False,,False,
,2025-07-12 00:00:00,DMND/1207/5810,MHAMED,ACR,KIT ACCESSOIRE,VKMA 38339 ,1.0,RETOUR AU STOCK,,,False,,False,,False,,False,
,2025-07-12 00:00:00,DMND/1207/1522,MHAMED,OTTOGO,FILTRE A HUILE,ELH4285 ,1.0,RETOUR AU STOCK,,,False,,False,,False,,False,
,2025-07-12 00:00:00,DMND/1207/6482,MHAMED,ACR,BOUGIES,OE130/T10 ,4.0,RETOUR AU STOCK,,,False,,False,,False,,False,
,2025-07-12 00:00:00,DMND/1207/1522,MHAMED,OTTOGO,FILTRE A HUILE,ELH4285 ,1.0,RETOUR AU STOCK,,,False,,False,,False,,False,
,2025-07-12 00:00:00,DMND/1207/6482,MHAMED,ACR,BOUGIES,OE130/T10 ,4.0,RETOUR AU STOCK,,,False,,False,,False,,False,
,,,,,,,,,,,False,,False,,False,,False,
,,,,,,,,,,,False,,False,,False,,False,
,,,,,,,,,,,False,,False,,False,,False,
,2025-07-12 00:00:00,DMND/1207/5810,MHAMED,ACR,KIT ACCESSOIRE,VKMA 38339 ,1.0,RETOUR AU STOCK,,,False,,False,,False,,False,
,2025-07-12 00:00:00,DMND/1207/1522,MHAMED,OTTOGO,FILTRE A HUILE,ELH4285 ,1.0,RETOUR AU STOCK,,,False,,False,,False,,False,
,2025-07-12 00:00:00,DMND/1207/6482,MHAMED,ACR,BOUGIES,OE130/T10 ,4.0,RETOUR AU STOCK,,,False,,False,,False,,False,
,,,,,,,,,,,False,,False,,False,,False,
,,,,,,,,,,,False,,False,,False,,False,
,,,,,,,,,,,False,,False,,False,,False,
,,,,,,,,,,,False,,False,,False,,False,
,,,,,,,,,,,False,,False,,False,,False,
,,,,,,,,,,,False,,False,,False,,False,
,,,,,,,,,,,False,,False,,False,,False,
,,,,,,,,,,,False,,False,,False,,False,
,2025-07-14 00:00:00,DMND/1407/6644,MHAMED,ACR,EMETTEUR,804829.0,1.0,DEMANDE CLIENT,,,False,,False,,False,,False,
,2025-07-12 00:00:00,DMND/1207/8854,MHAMED,DROP,BATTERIE,,1.0,DEMANDE CLIENT,,,False,,False,,False,,False,
,2025-07-12 00:00:00,DMND/1207/7391,MHAMED,AFP,,,1.0,DEMANDE / NORDINE 92,,,False,,False,,False,,False,
,2025-07-14 00:00:00,DMND/1407/6871,MHAMED,CAL,,91455.0,1.0,DEMANDE CLIENT,,,False,,False,,False,,False,
,2025-07-15 00:00:00,DMND/1507/3699,MHAMED,ACR,EMETTEUR,804917.0,1.0,DEMANDE CLIENT,,,False,,False,,False,,False,
,2025-07-15 00:00:00,DMND/1507/8037,MHAMED,AFP,KIT GILET,491.00,1.0,DEMANDE CLIENT,,,False,,False,,False,,False,
,2025-07-15 00:00:00,DMND/1507/8649,ABDELLAH,OTTOGO,FILTRE HUILE ,ELH4299,1.0,DEMANDE CLIENT,,,False,,False,,False,,False,
,2025-07-15 00:00:00,DMND/1507/2646,ABDELLAH,MAPCO,EMETTEUR ,65000 / 804816,1.0,DEMANDE CLIENT,,,False,,False,,False,,False,
,2025-07-15 00:00:00,DMND/1507/3789,ABDELLAH,MAPCO,TEMOIN USURE ,39797 / TU224,1.0,DEMANDE CLIENT,,,False,,False,,False,,False,
,2025-07-15 00:00:00,DMND/1507/7283,ABDELLAH,OTTOGO,PLAQUETTE ,BP8231 / LP3182,1.0,DEMANDE CLIENT,,,False,,False,,False,,False,
,2025-07-15 00:00:00,DMND/1507/7116,ABDELLAH,OTTOGO,ROTULE DE DIRECTION,TA2506,1.0,DEMANDE CLIENT,,,False,,False,,False,,False,
,2025-07-15 00:00:00,DMND/1507/7209,ABDELLAH,MAPCO,ROTULE DE DIRECTION,230949/ TA2849,1.0,DEMANDE CLIENT,,,False,,False,,False,,False,
,2025-07-15 00:00:00,DMND/1507/5340,ABDELLAH,OTTOGO,FILTRE HABITACLE ,EKR7325,2.0,DEMANDE CLIENT,,,False,,False,,False,,False,
,2025-07-15 00:00:00,DMND/1507/9001,MHAMED,OTTOGO,DEMARREUR,TC9071,1.0,DEMANDE / MARCEAU,,,False,,False,,False,,False,
,2025-07-15 00:00:00,DMND/1507/9734,MHAMED,CAL,EMBRAYAGE ,837119.0,1.0,DEMANDE / MARCEAU,,,False,,False,,False,,False,
,2025-07-15 00:00:00,DMND/1507/6821,AYOUB,OTTOGO,COUPELLE,BAM009,2.0,DEMANDE CLIENT,,,False,,False,,False,,False,
,2025-07-15 00:00:00,DMND/1507/1087,MHAMED,OTTOGO,DISQUES ARR,GUTBD99163R  ,1.0,DEMANDE / PARIS,,,False,,False,,False,,False,
,2025-07-15 00:00:00,DMND/1507/9908,MHAMED,AFP,PLAQUETTE ,LP3659,2.0,DEMANDE / PARIS,,,False,,False,,False,,False,
,2025-07-15 00:00:00,DMND/1507/7043,ABDELLAH,MAPCO,BRAS SUSPENSION,211336.0,1.0,DEMANDE CLIENT,,,False,,False,,False,,False,
,2025-07-15 00:00:00,DMND/1507/6081,ABDELLAH,MAPCO,BRAS SUSPENSION,211337.0,1.0,DEMANDE CLIENT,,,False,,False,,False,,False,
,2025-07-15 00:00:00,DMND/1507/8337,ABDELLAH,MAPCO,ROTULE EXTERIEUR,230866.0,1.0,DEMANDE CLIENT,,,False,,False,,False,,False,
,2025-07-15 00:00:00,DMND/1507/2803,ABDELLAH,MAPCO,ROTULE EXTERIEUR,230860.0,1.0,DEMANDE CLIENT,,,False,,False,,False,,False,
,2025-07-15 00:00:00,DMND/1507/3233,MHAMED,MAPCO,FILTRE A AIR,A141244 = ELP9188,2.0,DEMANDE CLIENT,,,False,,False,,False,,False,
,2025-07-15 00:00:00,DMND/1507/5473,MHAMED,AFP,BIELLETTE,BDL7537 ,1.0,DEMANDE / PARIS,,,False,,False,,False,,False,
,2025-07-15 00:00:00,DMND/1507/9351,MHAMED,MAPCO,BIELLETTE,261037.0,2.0,DEMANDE CLIENT,,,False,,False,,False,,False,
,2025-07-15 00:00:00,DMND/1507/9211,ABDELLAH,OTTOGO,BALAI AV,VF473,1.0,DEMANDE CLIENT,,,False,,False,,False,,False,
,2025-07-15 00:00:00,DMND/1507/8102,ABDELLAH,MAPCO,FILTRE HUILE,A210664 / ELP3919,1.0,DEMANDE CLIENT,,,False,,False,,False,,False,
,2025-07-15 00:00:00,DMND/1507/4642,MHAMED,OTTOGO,DISQUES + PLAQUETTE ARR,GUTBD1391R  + PF0034 ,4.0,DEMANDE / TARIK P2B,,,False,,False,,False,,False,
,2025-07-15 00:00:00,DMND/1507/8404,MHAMED,ACR,CABLE FAM,805074.0,1.0,DEMANDE / TARIK P2B,,,False,,False,,False,,False,
,2025-07-15 00:00:00,DMND/1507/8295,ABDELLAH,OTTOGO,RADIATEUR EAU ,PE2267,1.0,DEMANDE CLIENT,,,False,,False,,False,,False,
,2025-07-15 00:00:00,DMND/1507/8205,ABDELLAH,OTTOGO,POMPE A EAU ,PA1065,1.0,DEMANDE CLIENT,,,False,,False,,False,,False,
,2025-07-15 00:00:00,DMND/1507/6237,MHAMED,OTTOGO,KIT PAE,KTBWP5320,1.0,DEMANDE CLIENT,,,False,,False,,False,,False,
,2025-07-15 00:00:00,DMND/1507/5412,MHAMED,DROP,AMMORTISSEUR,D0421L,1.0,DEMANDE CLIENT,,,False,,False,,False,,False,
,2025-07-15 00:00:00,DMND/1507/6906,MHAMED,ACR,FILTRE A HUILE,FA6086ECO = 4443,5.0,DEMANDE CLIENT,,,False,,False,,False,,False,
,2025-07-15 00:00:00,DMND/1507/7631,MHAMED,OTTOGO,FILTRE A HUILE,ELH4307,10.0,DEMANDE CLIENT,,,False,,False,,False,,False,
,2025-07-15 00:00:00,DMND/1507/4652,MHAMED,MAPCO,FILTRE A GO,DFF0604 - ELG5406,6.0,DEMANDE CLIENT,,,False,,False,,False,,False,
,2025-07-15 00:00:00,DMND/1507/1943,MHAMED,CAL,KIT ACCESSOIRE,534072710 + 6PK1413,2.0,DEMANDE CLIENT,,,False,,False,,False,,False,
,2025-07-16 00:00:00,DMND/1607/1413,MHAMED,CAL,SONDE,LS44458,1.0,DEMANDE / ,,,False,,False,,False,,False,
,2025-07-16 00:00:00,DMND/1607/9352,MHAMED,DROP,BATTERIE 60 CONTI,,1.0,DEMANDE / ,,,False,,False,,False,,False,
,2025-07-16 00:00:00,DMND/1607/5285,MHAMED,AFP,ROTULE ,BTR5711 ,1.0,DEMANDE / GARAGE DE COLOMBES,,,False,,False,,False,,False,
,2025-07-16 00:00:00,DMND/1607/9872,MHAMED,OTTOGO,PLAQUETTE ARR,LP3367  ,1.0,DEMANDE / GARAGE DE COLOMBES,,,False,,False,,False,,False,
,2025-07-17 00:00:00,DMND/1607/9273,ABDELLAH,AP,COUPELLE AV,FE 11971 / FE11970,2.0,DEMANDE CLIENT,,,False,,False,,False,,False,
,2025-07-16 00:00:00,DMND/1607/9742,ABDELLAH,MGA,AMORTISSEUR AV ,AM7081,2.0,DEMANDE CLIENT,,,False,,False,,False,,False,
,2025-07-16 00:00:00,DMND/1607/3358,ABDELLAH,MGA,AMORTISSEUR AV,AM8081,1.0,DEMANDE CLIENT,,,False,,False,,False,,False,
,2025-07-16 00:00:00,DMND/1607/2200,ABDELLAH,MAPCO,PLAQUETTE ,37329.0,1.0,DEMANDE CLIENT,,,False,,False,,False,,False,
,2025-07-16 00:00:00,DMND/1607/9586,MHAMED,OTTOGO,BP407AZ,1285051  + 1285052,2.0,DEMANDE / TARIK P2B,,,False,,False,,False,,False,
,2025-07-16 00:00:00,DMND/1607/4850,MHAMED,ACR,BP407AZ,554975.0,2.0,DEMANDE / TARIK P2B,,,False,,False,,False,,False,
,2025-07-16 00:00:00,DMND/1607/4554,MHAMED,AFP,DISQUES,BG5169C ,1.0,DEMANDE CLIENT,,,False,,False,,False,,False,
,2025-07-16 00:00:00,DMND/1607/8509,MHAMED,ACR,TEMOINS USURE,A 00 207,1.0,DEMANDE CLIENT,,,False,,False,,False,,False,
,2025-07-16 00:00:00,DMND/1607/2943,MHAMED,NED,COLLECTEUR,FE175771 ,1.0,DEMANDE / NORDINE 92,,,False,,False,,False,,False,
,2025-07-16 00:00:00,DMND/1607/8909,MHAMED,AFP,,TA3605 ,2.0,DEMANDE CLIENT,,,False,,False,,False,,False,
,2025-07-16 00:00:00,DMND/1607/2222,MHAMED,MGA,ROTULE,SA5691,2.0,DEMANDE CLIENT,,,False,,False,,False,,False,
,2025-07-16 00:00:00,DMND/1607/1512,MHAMED,AFP,ROTULE DIRECTION,TA3476 + TA3475,2.0,DEMANDE CLIENT,,,False,,False,,False,,False,
,2025-07-16 00:00:00,DMND/1607/8059,MHAMED,ACR,FILTRE A HUILE,FA6781ECO,1.0,DEMANDE / AUTO CONFIANCE,,,False,,False,,False,,False,
,2025-07-16 00:00:00,DMND/1607/3106,MHAMED,MAPCO,BIELLETTE,260836.0,2.0,DEMANDE / AUTO CONFIANCE,,,False,,False,,False,,False,
,2025-07-16 00:00:00,DMND/1607/4300,ABDELLAH,DCA,PLAQUE 13,SUPSIV13,2.0,DEMANDE CLIENT,,,False,,False,,False,,False,
,2025-07-16 00:00:00,DMND/1607/1386,MHAMED,MAPCO,,KS141252 + 320611+ 3PK735 + 6PK1145,4.0,DEMANDE CLIENT,,,False,,False,,False,,False,
,2025-07-16 00:00:00,DMND/1607/2344,MHAMED,ACR,VM + EMBRAYAGE ,625305633 + 415041810,1.0,DEMANDE / AUTO CONFIANCE,,,False,,False,,False,,False,
,2025-07-16 00:00:00,DMND/1607/4422,MHAMED,AFP,disques,BG4952,1.0,DEMANDE CLIENT,,,False,,False,,False,,False,
,2025-07-16 00:00:00,DMND/1607/9513,MHAMED,CAL,GALET TENDEUR,534061110.0,1.0,DEMANDE CLIENT,,,False,,False,,False,,False,
,2025-07-16 00:00:00,DMND/1607/5272,MHAMED,CAL,4 BOUGIES,HR7DCX+,4.0,DEMANDE CLIENT,,,False,,False,,False,,False,
,2025-07-16 00:00:00,DMND/1607/5064,ABDELLAH,OTTOGO,KIT DISTRIBUTION + POMPE A EAU ,GUT2611PAE2 ,1.0,DEMANDE CLIENT,,,False,,False,,False,,False,
,2025-07-16 00:00:00,DMND/1607/5572,ABDELLAH,OTTOGO,KIT DISTRIBUTION, GUT4811TBK1 ,1.0,DEMANDE CLIENT,,,False,,False,,False,,False,
,2025-07-16 00:00:00,DMND/1607/8474,ABDELLAH,OTTOGO,DISQUES,DF005,2.0,DEMANDE CLIENT,,,False,,False,,False,,False,
,2025-07-16 00:00:00,DMND/1607/5313,ABDELLAH,OTTOGO,PLAQUETTE AV ,BP1415 ,1.0,DEMANDE CLIENT,,,False,,False,,False,,False,
,2025-07-16 00:00:00,DMND/1607/4153,ABDELLAH,OTTOGO,FILTRE A AIR ,ELP3977 ,1.0,DEMANDE CLIENT,,,False,,False,,False,,False,
,2025-07-16 00:00:00,DMND/1607/8321,ABDELLAH,OTTOGO,FILTRE HUILE ,ELH4299 ,1.0,DEMANDE CLIENT,,,False,,False,,False,,False,
,2025-07-16 00:00:00,DMND/1607/2602,ABDELLAH,OTTOGO,POMPE A EAU ,PE701 ,1.0,DEMANDE CLIENT,,,False,,False,,False,,False,
,2025-07-16 00:00:00,DMND/1607/3345,ABDELLAH,OTTOGO,PLAQUETTE AV ,BP5831 ,1.0,DEMANDE CLIENT,,,False,,False,,False,,False,
,2025-07-16 00:00:00,DMND/1607/7594,MHAMED,ACR,,3397014637 +         3397011630,2.0,DEMANDE CLIENT,,,False,,False,,False,,False,
,2025-07-17 00:00:00,DMND/1707/1266,ABDELLAH,CAL,POULIE ALTERNATEUR ,535031010.0,1.0,DEMANDE CLIENT,,,False,,False,,False,,False,
,2025-07-17 00:00:00,DMND/1707/4112,MHAMED,OTTOGO,DEMARREUR,AU9020,1.0,DEMANDE CLIENT,,,False,,False,,False,,False,
,2025-07-17 00:00:00,DMND/1707/8132,ABDELLAH,ACR,BALAI ,3397009051 /  3397008634,2.0,DEMANDE CLIENT,,,False,,False,,False,,False,
,2025-07-17 00:00:00,DMND/1707/1630,MHAMED,DCA,DISQUES X2,92162005.0,1.0,DEMANDE / NORDINE 92,,,False,,False,,False,,False,
,2025-07-17 00:00:00,DMND/1707/1990,MHAMED,MAPCO,PLAQUETTE,37803.0,1.0,DEMANDE / NORDINE 92,,,False,,False,,False,,False,
,2025-07-17 00:00:00,DMND/1707/8560,ABDELLAH,MAPCO,PLAQUETTE ,35045.0,1.0,DEMANDE CLIENT,,,False,,False,,False,,False,
,2025-07-17 00:00:00,DMND/1707/2812,ABDELLAH,OTTOGO,PLAQUETTE ,302165.0,1.0,DEMANDE CLIENT,,,False,,False,,False,,False,
,2025-07-17 00:00:00,DMND/1707/8962,MHAMED,OTTOGO,DEMARREUR,P1574,1.0,DEMANDE CLIENT,,,False,,False,,False,,False,
,2025-07-17 00:00:00,DMND/1707/5539,ABDELLAH,OTTOGO,FILTRE ,HB135 / ELR7094,1.0,DEMANDE CLIENT,,,False,,False,,False,,False,
,2025-07-17 00:00:00,DMND/1707/5014,ABDELLAH,OTTOGO,EMBRAYAGE,826033.0,1.0,DEMANDE CLIENT,,,False,,False,,False,,False,
,2025-07-17 00:00:00,DMND/1707/9028,ABDELLAH,OTTOGO,EMETTEUR,31-00419 / PJD233,1.0,DEMANDE CLIENT,,,False,,False,,False,,False,
,2025-07-17 00:00:00,DMND/1707/8891,ABDELLAH,ACR,FILTRE ,PA7611 / ELP9168,1.0,DEMANDE CLIENT,,,False,,False,,False,,False,
,2025-07-17 00:00:00,DMND/1707/3825,ABDELLAH,OTTOGO,PLAQUETTE,BP3718 / LP1837,1.0,DEMANDE CLIENT,,,False,,False,,False,,False,
,2025-07-17 00:00:00,DMND/1707/6001,ABDELLAH,ACR,FILTRE ,PA7747 /*ELP9359,1.0,DEMANDE CLIENT,,,False,,False,,False,,False,
,2025-07-17 00:00:00,DMND/1707/4839,ABDELLAH,MAPCO,FILTRE ,A210718 / ELH4429,1.0,DEMANDE CLIENT,,,False,,False,,False,,False,
,2025-07-17 00:00:00,DMND/1707/2846,ABDELLAH,MAPCO,FILTRE ,ELR7097,4.0,DEMANDE CLIENT,,,False,,False,,False,,False,
,2025-07-17 00:00:00,DMND/1707/1534,MHAMED,MGA,EMETTEUR,EE5224,1.0,DEMANDE / FLIX AUTO,,,False,,False,,False,,False,
,2025-07-18 00:00:00,DMND/1807/1649,ABDELLAH,CAL,BOUCHON VASE EXPANSION ,RC218,1.0,DEMANDE CLIENT,,,False,,False,,False,,False,
,2025-07-19 00:00:00,DMND/1907/3630,ABDELLAH,CAL,BOUCHON VASE EXPANSION ,RC0160,1.0,DEMANDE CLIENT,,,False,,False,,False,,False,
,2025-07-19 00:00:00,DMND/1907/1862,ABDELLAH,ACR,ALTERNATEUR ,AVA1267ES,1.0,DEMANDE CLIENT,,,False,,False,,False,,False,
,2025-07-19 00:00:00,DMND/1907/9472,ABDELLAH,OTTOGO,COURROIE ACCESSOIRE ,6PK1740,1.0,DEMANDE CLIENT,,,False,,False,,False,,False,
,2025-07-19 00:00:00,DMND/1907/2290,ABDELLAH,OTTOGO,JEU DE DISQUE AV,BD6138,1.0,DEMANDE CLIENT,,,False,,False,,False,,False,
,2025-07-19 00:00:00,DMND/1907/5892,ABDELLAH,MAPCO,PLAQUETTE AV ,37423.0,1.0,DEMANDE CLIENT,,,False,,False,,False,,False,
,2025-07-19 00:00:00,DMND/1907/5818,ABDELLAH,MAPCO,PLAQUETTE AR,37247.0,1.0,DEMANDE CLIENT,,,False,,False,,False,,False,
,2025-07-19 00:00:00,DMND/1907/5240,ABDELLAH,CAL,JAUGE HUILE ,47303.0,1.0,DEMANDE CLIENT,,,False,,False,,False,,False,
,2025-07-19 00:00:00,DMND/1907/4323,ABDELLAH,ACR,ROULEMENT AV ,VKBA6556,2.0,DEMANDE CLIENT,,,False,,False,,False,,False,
,2025-07-19 00:00:00,DMND/1907/2750,MHAMED,CAL,SILENCIEUX + COLLIER + SILENBLOC,CT15244 + AA93174 + AA93175,1.0,DEMANDE CLIENT,,,False,,False,,False,,False,
,2025-07-19 00:00:00,DMND/1907/8125,MHAMED,ACR,VANNE EGR,25868.0,1.0,DEMANDE CLIENT,,,False,,False,,False,,False,
,2025-07-19 00:00:00,DMND/1907/3772,ABDELLAH,ANIEL,SERRURE HAYON,1606411680.0,1.0,DEMANDE CLIENT,,,False,,False,,False,,False,
,2025-07-21 00:00:00,DMND/2107/3566,ABDELLAH,ACR,DURITE ,T409411,1.0,DEMANDE CLIENT,,,False,,False,,False,,False,
,2025-07-21 00:00:00,DMND/2107/1206,ABDELLAH,CAL,SONDE TEMPERATURE LIQUIDE REFROIDISSEMENT,WS2607,1.0,DEMANDE CLIENT,,,False,,False,,False,,False,
,2025-07-21 00:00:00,DMND/2107/4802,ABDELLAH,CAL,FAISCEAUX BOUGIE ,8131.0,1.0,DEMANDE CLIENT,,,False,,False,,False,,False,
,2025-07-21 00:00:00,DMND/2107/5608,ABDELLAH,ACR,BOUGIE ,242240665.0,4.0,DEMANDE CLIENT,,,False,,False,,False,,False,
,2025-07-21 00:00:00,DMND/2107/7943,ABDELLAH,CAL,INTERRUPTEUR FEUX DE FREIN ,24902F,1.0,DEMANDE CLIENT,,,False,,False,,False,,False,
,2025-07-21 00:00:00,DMND/2107/6186,ABDELLAH,ACR,FILTRE HUILE ,FT4993,1.0,DEMANDE CLIENT,,,False,,False,,False,,False,
,2025-07-21 00:00:00,DMND/2107/4799,MHAMED,OTTOGO,,779TBK2  ,1.0,DEMANDE CLIENT,,,False,,False,,False,,False,
,2025-07-21 00:00:00,DMND/2107/3728,MHAMED,DROP,BATTERIE 95 EFB,CONTINENTAL,2.0,DEMANDE CLIENT,,,False,,False,,False,,False,
,2025-07-21 00:00:00,DMND/2107/6826,MHAMED,CAL,INTTERUPTEUR,24902F,1.0,DEMANDE CLIENT,,,False,,False,,False,,False,
,2025-07-21 00:00:00,DMND/2107/2237,MHAMED,OTTOGO,PLAQUETTE,"
GUTBP2418 (GUTT)",1.0,RETOUR AU STOCK,,,False,,False,,False,,False,
,2025-07-21 00:00:00,DMND/2107/9599,MHAMED,AFP,GLACE DE RETRO,12041.0,1.0,DEMANDE CLIENT,,,False,,False,,False,,False,
,2025-07-21 00:00:00,DMND/2107/6124,MHAMED,ACR,CABLE ,555571.0,1.0,DEMANDE CLIENT,,,False,,False,,False,,False,
,2025-07-21 00:00:00,DMND/2107/4962,ABDELLAH,MAPCO,TRIANGLE G,210511.0,1.0,DEMANDE CLIENT,,,False,,False,,False,,False,
,2025-07-21 00:00:00,DMND/2107/2130,ABDELLAH,AZ,TRIANGLE DR ,210512.0,1.0,DEMANDE CLIENT,,,False,,False,,False,,False,
,2025-07-21 00:00:00,DMND/2107/8909,ABDELLAH,ACR,KITCACHE POUSSIERE AR,PK078,1.0,DEMANDE CLIENT,,,False,,False,,False,,False,
,2025-07-21 00:00:00,DMND/2107/6523,MHAMED,NED,huile bv,171871.0,4.0,DEMANDE / GARAGE DE COLOMBES,,,False,,False,,False,,False,
,2025-07-21 00:00:00,DMND/2107/4228,MHAMED,MAPCO,FILTRE GASOIL,KS120310,1.0,DEMANDE CLIENT,,,False,,False,,False,,False,
,2025-07-21 00:00:00,DMND/2107/9454,MHAMED,MAPCO,ROULEMENT DE ROUE,200371.0,2.0,DEMANDE / FLIX AUTO,,,False,,False,,False,,False,
,2025-07-22 00:00:00,DMND/2207/5287,MHAMED,CAL,BOITIER EAU,TH734780J,1.0,DEMANDE CLIENT,,,False,,False,,False,,False,
,2025-07-22 00:00:00,DMND/2207/6751,MHAMED,ACR,INJECTEUR,445110131.0,2.0,DEMANDE CLIENT,,,False,,False,,False,,False,
,2025-07-22 00:00:00,DMND/2207/7792,ABDELLAH,OTTOGO,PLAQUETTE ,BP0318,1.0,DEMANDE CLIENT,,,False,,False,,False,,False,
,2025-07-22 00:00:00,DMND/2207/2102,ABDELLAH,OTTOGO,PLAQUETTE ,301865.0,1.0,DEMANDE CLIENT,,,False,,False,,False,,False,
,2025-07-22 00:00:00,DMND/2207/3632,ABDELLAH,OTTOGO,PLAQUETTE ,LP2479,1.0,DEMANDE CLIENT,,,False,,False,,False,,False,
,2025-07-22 00:00:00,DMND/2207/1050,MHAMED,AFP,GLACE DE RETRO,12026.0,1.0,DEMANDE CLIENT,,,False,,False,,False,,False,
,2025-07-22 00:00:00,DMND/2207/3078,MHAMED,DROP,BATTERIE 80AGM,80AGM,1.0,DEMANDE CLIENT,,,False,,False,,False,,False,
,2025-07-22 00:00:00,DMND/2207/1874,MHAMED,ACR,POMPE LG,T402063,1.0,DEMANDE CLIENT,,,False,,False,,False,,False,
,2025-07-22 00:00:00,DMND/2207/9469,MHAMED,ACR,KIT COMPLET,KP25577XS + 7PK1035 + PA7482+FT5730,4.0,DEMANDE / FLIX AUTO,,,False,,False,,False,,False,
,2025-07-22 00:00:00,DMND/2207/5387,MHAMED,ACR,BOUGIES,242129510.0,4.0,DEMANDE CLIENT,,,False,,False,,False,,False,
,2025-07-22 00:00:00,DMND/2207/8242,MHAMED,OTTOGO,FILTRE AIR,el3914,1.0,DEMANDE CLIENT,,,False,,False,,False,,False,
,2025-07-22 00:00:00,DMND/2207/9901,MHAMED,DCA,ROULEMENT DE ROUE,753346.0,1.0,DEMANDE / NORDINE 92,,,False,,False,,False,,False,
,2025-07-22 00:00:00,DMND/2207/6213,MHAMED,CAL,JOINT CACHE,440528P,1.0,DEMANDE / LAVAGE EXPRESS,,,False,,False,,False,,False,
,2025-07-22 00:00:00,DMND/2207/6597,MHAMED,OTTOGO,FILTRE AIR,ELP9316 ,1.0,DEMANDE CLIENT,,,False,,False,,False,,False,
,2025-07-22 00:00:00,DMND/2207/5627,MHAMED,OTTOGO,PLAQUETTE,PF01172,1.0,DEMANDE / LAVAGE EXPRESS,,,False,,False,,False,,False,
,2025-07-22 00:00:00,DMND/2207/8813,MHAMED,OTTOGO,BATTERIE 70,RB70AD,1.0,DEMANDE / ,,,False,,False,,False,,False,
,2025-07-22 00:00:00,DMND/2207/7146,MHAMED,AFP,ALTERNATEUR,4073.0,1.0,DEMANDE / ,,,False,,False,,False,,False,
,2025-07-22 00:00:00,DMND/2207/5448,MHAMED,OTTOGO,RADIATEUR,MS4721  ,1.0,DEMANDE / NORDINE 92,,,False,,False,,False,,False,
,2025-07-23 00:00:00,DMND/2307/3759,MHAMED,ACR,ESG ARR,H402,1.0,DEMANDE / GARAGE DE COLOMBES,,,False,,False,,False,,False,
,2025-07-23 00:00:00,DMND/2307/8978,MHAMED,AFP,GLACE DE RETRO,12081 INFRAD,1.0,DEMANDE / ,,,False,,False,,False,,False,
,2025-07-23 00:00:00,DMND/2307/8751,MHAMED,ACR,FILS DE BOBINE,2459.0,1.0,DEMANDE / GARAGE DE COLOMBES,,,False,,False,,False,,False,
,2025-07-23 00:00:00,DMND/2307/4730,MHAMED,DCA,RESISTANCE,CNR015,1.0,DEMANDE CLIENT,,,False,,False,,False,,False,
,2025-07-24 00:00:00,DMND/2407/7582,ABDELLAH,ACR,BOBINE,155184.0,1.0,DEMANDE / NORDINE 92,,,False,,False,,False,,False,
,2025-07-24 00:00:00,DMND/2407/7391,ABDELLAH,MGA,EMETTEUR,EE5125,1.0,DEMANDE CLIENT,,,False,,False,,False,,False,
,2025-07-24 00:00:00,DMND/2407/3301,ABDELLAH,CAL,COLLIER,AA99245,1.0,DEMANDE CLIENT,,,False,,False,,False,,False,
,2025-07-24 00:00:00,DMND/2407/6963,ABDELLAH,CAL,BOUGIES,242240707.0,4.0,DEMANDE CLIENT,,,False,,False,,False,,False,
,2025-07-25 00:00:00,DMND/2407/9356,ABDELLAH,AP,COMPRESSEUR DE CLIM ,AC330007,1.0,DEMANDE CLIENT,,,False,,False,,False,,False,
,2025-09-25 00:00:00,DMND/2509/6053,MHAMED,OTTOGO,BATTERIE,RB60AD,1.0,RETOUR AU STOCK,,,False,,False,,False,,False,
,2025-10-01 00:00:00,DMND/0110/3702,MHAMED,OTTOGO,KIT PRE MONTE,KP1140,1.0,RETOUR AU STOCK,RECU,Erreur magasin,False,mer 01/10/25 à 15:20,False,mer 01/10/25 à 15:25,False,"Réponse Twilio: {""code"":20003,""message"":""Authenticate"",""more_info"":""https://www.twilio.com/docs/erro",False,
,2025-10-23 00:00:00,DMND/2310/1164,MHAMED,OTTOGO,PLAQUETTE DE FREINS,LP1865,1.0,DEMANDE CLIENT,RECU,Erreur magasin,False,jeu 23/10/25 à 23:30,False,jeu 23/10/25 à 23:31,False,"Réponse Twilio: {""code"":20003,""message"":""Authenticate"",""more_info"":""https://www.twilio.com/docs/erro",True,
,2025-10-29 00:00:00,DMND/2910/9048,MHAMED,OTTOGO,POMPE A EAU,WP1025,1.0,RETOUR AU STOCK,RECU,Autre,False,mer 29/10/25 à 10:13,False,mer 29/10/25 à 10:18,False,,False,
,2025-12-20 00:00:00,DMND/2012/3898,MHAMED,OTTOGO,PLAQUETTE DE FREINS,LP3551,1.0,RETOUR AU STOCK,RECU,,False,,False,,False,,False,
,2025-12-20 00:00:00,DMND/2012/7459,MHAMED,OTTOGO,EMBRAYAGE,826033.0,1.0,DEMANDE CLIENT,RECU,Erreur magasin,False,sam 20/12/25 à 23:57,False,sam 20/12/25 à 23:58,False,,False,
,2026-02-16 00:00:00,DMND/1602/4660,MHAMED,OTTOGO,FILTRE AIR,ELP3913,1.0,DEMANDE CLIENT,RECU,,False,,False,,False,"Réponse Twilio: {""code"":20003,""message"":""Authenticate"",""more_info"":""https://www.twilio.com/docs/erro",True,
,2026-02-16 00:00:00,DMND/1602/3882,ABDELLAH,ACR,FILTRE A HUILE,ELH4392,1.0,DEMANDE / GARAGE CARLOS ALMEIDA,LIVRE,,False,,False,,False,,False,
,2026-03-02 00:00:00,DMND/0203/5900,MHAMED,ACR,PLAQUETTE DE FREINS,37396.0,1.0,DEMANDE CLIENT,RECU,Retour client,False,lun 02/03/26 à 00:09,False,lun 02/03/26 à 00:14,False,"Réponse Twilio: {""code"":20003,""message"":""Authenticate"",""more_info"":""https://www.twilio.com/docs/erro",False,
,2026-03-25 00:00:00,DMND/2503/9872,MHAMED,MGA,EMETTEUR,EE5125,1.0,DEMANDE CLIENT,RECU,Retour client,False,,False,,False,,True,
,2026-03-28 00:00:00,DMND/2803/3586,MHAMED,ACR,,elh4392,1.0,RETOUR AU STOCK,RECU,Retour client,False,sam 28/03/26 à 23:35,False,sam 28/03/26 à 23:35,False,,False,
